"NAME:","West Allen at Hindley Wrae"
"NUMBER:","23013"
"DATE","STAGE (m)","FLOW (m^3/s)","RATING","SOURCE","COMMENT","AMAX ONLY"
13/08/1971 00:00,1.356,42.29,"2a","Spreadsheet","Taken from northumbria high flows study",""
20/10/1971 00:00,1.132,26.01,"2a","Spreadsheet","Taken from northumbria high flows study",""
05/11/1971 00:00,1.276,35.91,"2a","Spreadsheet","Taken from northumbria high flows study",""
07/11/1971 00:00,1.164,28.04,"2a","Spreadsheet","Taken from northumbria high flows study",""
12/01/1972 00:00,1.203,30.64,"2a","Spreadsheet","Taken from northumbria high flows study",""
18/01/1972 00:00,1.147,26.96,"2a","Spreadsheet","Taken from northumbria high flows study",""
16/03/1972 00:00,1.456,51.22,"2a","Spreadsheet","Taken from northumbria high flows study",""
02/04/1972 00:00,1.109,24.63,"2a","Spreadsheet","Taken from northumbria high flows study",""
09/11/1972 00:00,1.440,49.72,"2a","Spreadsheet","Taken from northumbria high flows study",""
21/11/1972 00:00,1.320,39.34,"2a","Spreadsheet","Taken from northumbria high flows study",""
29/11/1972 00:00,1.127,25.70,"2a","Spreadsheet","Taken from northumbria high flows study",""
01/12/1972 00:00,1.314,38.86,"2a","Spreadsheet","Taken from northumbria high flows study",""
11/12/1972 00:00,1.368,43.31,"2a","Spreadsheet","Taken from northumbria high flows study",""
23/01/1973 00:00,1.108,24.56,"2a","Spreadsheet","Taken from northumbria high flows study",""
04/04/1973 00:00,1.216,31.54,"2a","Spreadsheet","Taken from northumbria high flows study",""
05/08/1973 00:00,1.388,45.04,"2a","Spreadsheet","Taken from northumbria high flows study",""
10/12/1973 00:00,1.215,31.47,"2a","Spreadsheet","Taken from northumbria high flows study",""
17/01/1974 00:00,1.239,33.17,"2a","Spreadsheet","Taken from northumbria high flows study",""
02/02/1974 00:00,1.249,33.90,"2a","Spreadsheet","Taken from northumbria high flows study",""
08/02/1974 00:00,1.134,26.14,"2a","Spreadsheet","Taken from northumbria high flows study",""
10/11/1974 00:00,1.595,65.47,"2a","Spreadsheet","Taken from northumbria high flows study",""
14/11/1974 00:00,1.105,24.17,"3c","Spreadsheet","Taken from northumbria high flows study",""
24/11/1974 00:00,1.220,31.51,"3c","Spreadsheet","Taken from northumbria high flows study",""
21/12/1974 00:00,1.377,43.58,"3c","Spreadsheet","Taken from northumbria high flows study",""
25/12/1974 00:00,1.104,24.11,"3c","Spreadsheet","Taken from northumbria high flows study",""
28/12/1974 00:00,1.465,51.44,"3c","Spreadsheet","Taken from northumbria high flows study",""
22/01/1975 00:00,1.543,59.10,"3c","Spreadsheet","Taken from northumbria high flows study",""
29/08/1975 00:00,1.689,75.29,"3c","Spreadsheet","Taken from northumbria high flows study",""
24/09/1975 00:00,1.317,38.67,"3c","Spreadsheet","Taken from northumbria high flows study",""
27/09/1975 00:00,1.739,81.41,"3c","Spreadsheet","Taken from northumbria high flows study",""
02/01/1976 00:00,1.483,53.15,"3c","Spreadsheet","Taken from northumbria high flows study",""
19/01/1976 00:00,1.157,27.34,"3c","Spreadsheet","Taken from northumbria high flows study",""
28/03/1976 00:00,1.134,25.91,"3c","Spreadsheet","Taken from northumbria high flows study",""
11/09/1976 00:00,1.331,39.78,"3c","Spreadsheet","Taken from northumbria high flows study",""
15/10/1976 00:00,1.492,54.02,"3c","Spreadsheet","Taken from northumbria high flows study",""
21/01/1977 00:00,1.497,54.50,"3c","Spreadsheet","Taken from northumbria high flows study",""
21/04/1977 00:00,1.260,34.35,"3c","Spreadsheet","Taken from northumbria high flows study",""
12/06/1977 00:00,1.451,50.13,"3c","Spreadsheet","Taken from northumbria high flows study",""
11/11/1977 00:00,1.117,24.88,"3c","Spreadsheet","Taken from northumbria high flows study",""
23/11/1977 00:00,1.207,30.62,"3c","Spreadsheet","Taken from northumbria high flows study",""
23/12/1977 00:00,1.178,28.69,"3c","Spreadsheet","Taken from northumbria high flows study",""
14/03/1978 00:00,1.102,24.00,"3c","Spreadsheet","Taken from northumbria high flows study",""
19/03/1978 00:00,1.121,25.12,"3c","Spreadsheet","Taken from northumbria high flows study",""
10/09/1978 00:00,1.195,29.81,"3c","Spreadsheet","Taken from northumbria high flows study",""
13/09/1978 00:00,1.447,49.76,"3c","Spreadsheet","Taken from northumbria high flows study",""
15/11/1978 00:00,1.457,50.69,"3c","Spreadsheet","Taken from northumbria high flows study",""
07/01/1979 00:00,1.388,44.51,"3c","Spreadsheet","Taken from northumbria high flows study",""
02/03/1979 00:00,1.456,50.60,"3c","Spreadsheet","Taken from northumbria high flows study",""
08/03/1979 00:00,1.421,47.40,"4c","Spreadsheet","Taken from northumbria high flows study",""
25/03/1979 00:00,1.292,37.60,"4b","Spreadsheet","Taken from northumbria high flows study",""
04/06/1979 00:00,1.230,33.37,"4b","Spreadsheet","Taken from northumbria high flows study",""
11/11/1979 00:00,1.112,26.13,"4b","Spreadsheet","Taken from northumbria high flows study",""
25/11/1979 00:00,2.054,127.15,"4c","Spreadsheet","Taken from northumbria high flows study",""
04/12/1979 00:00,1.336,40.78,"4b","Spreadsheet","Taken from northumbria high flows study",""
26/12/1979 00:00,1.436,48.76,"4c","Spreadsheet","Taken from northumbria high flows study",""
11/06/1980 00:00,1.121,26.65,"4b","Spreadsheet","Taken from northumbria high flows study",""
14/06/1980 00:00,1.336,40.78,"4b","Spreadsheet","Taken from northumbria high flows study",""
13/09/1980 00:00,1.263,35.58,"4b","Spreadsheet","Taken from northumbria high flows study",""
24/10/1980 00:00,1.106,25.79,"4b","Spreadsheet","Taken from northumbria high flows study",""
14/11/1980 00:00,1.302,38.31,"4b","Spreadsheet","Taken from northumbria high flows study",""
10/12/1980 00:00,1.523,57.07,"4c","Spreadsheet","Taken from northumbria high flows study",""
01/01/1981 00:00,1.137,27.58,"4b","Spreadsheet","Taken from northumbria high flows study",""
02/02/1981 00:00,1.866,98.33,"4c","Spreadsheet","Taken from northumbria high flows study",""
06/03/1981 00:00,1.260,34.35,"5c","Spreadsheet","Taken from northumbria high flows study",""
23/03/1981 00:00,1.339,40.43,"5c","Spreadsheet","Taken from northumbria high flows study",""
26/09/1981 00:00,1.248,33.48,"5c","Spreadsheet","Taken from northumbria high flows study",""
01/10/1981 00:00,1.626,68.01,"5c","Spreadsheet","Taken from northumbria high flows study",""
08/10/1981 00:00,1.109,24.41,"5c","Spreadsheet","Taken from northumbria high flows study",""
01/11/1981 00:00,1.272,35.24,"5c","Spreadsheet","Taken from northumbria high flows study",""
23/11/1981 00:00,1.853,96.50,"5c","Spreadsheet","Taken from northumbria high flows study",""
26/11/1981 00:00,1.387,44.43,"5c","Spreadsheet","Taken from northumbria high flows study",""
03/01/1982 00:00,1.608,66.01,"5c","Spreadsheet","Taken from northumbria high flows study",""
17/01/1982 00:00,1.121,25.12,"5c","Spreadsheet","Taken from northumbria high flows study",""
11/03/1982 00:00,1.205,30.48,"5c","Spreadsheet","Taken from northumbria high flows study",""
14/03/1982 00:00,1.170,28.17,"5c","Spreadsheet","Taken from northumbria high flows study",""
05/10/1982 00:00,1.552,60.03,"5c","Spreadsheet","Taken from northumbria high flows study",""
21/11/1982 00:00,1.145,26.59,"5c","Spreadsheet","Taken from northumbria high flows study",""
08/12/1982 00:00,1.453,50.32,"5c","Spreadsheet","Taken from northumbria high flows study",""
15/12/1982 00:00,1.320,38.91,"5c","Spreadsheet","Taken from northumbria high flows study",""
19/12/1982 00:00,1.610,66.23,"5c","Spreadsheet","Taken from northumbria high flows study",""
05/01/1983 00:00,1.345,40.92,"5c","Spreadsheet","Taken from northumbria high flows study",""
28/04/1983 00:00,1.143,26.46,"5c","Spreadsheet","Taken from northumbria high flows study",""
27/05/1983 00:00,1.210,30.82,"5c","Spreadsheet","Taken from northumbria high flows study",""
17/07/1983 00:00,1.615,66.78,"5c","Spreadsheet","Taken from northumbria high flows study",""
