"NAME:","North Tyne at Barrasford"
"NUMBER:","23015"
"DATE","STAGE (m)","FLOW (m^3/s)","RATING","SOURCE","COMMENT","AMAX ONLY"
11/11/1947 00:00,,308.77,"","Spreadsheet","Taken from northumbria high flows study",""
21/11/1947 00:00,,281.98,"","Spreadsheet","Taken from northumbria high flows study",""
03/01/1948 00:00,,379.79,"","Spreadsheet","Taken from northumbria high flows study",""
11/01/1948 00:00,,355.49,"","Spreadsheet","Taken from northumbria high flows study",""
07/02/1948 00:00,,277.60,"","Spreadsheet","Taken from northumbria high flows study",""
01/04/1948 00:00,,277.60,"","Spreadsheet","Taken from northumbria high flows study",""
12/08/1948 00:00,,277.60,"","Spreadsheet","Taken from northumbria high flows study",""
24/08/1948 00:00,,350.70,"","Spreadsheet","Taken from northumbria high flows study",""
15/09/1948 00:00,,445.86,"","Spreadsheet","Taken from northumbria high flows study",""
17/11/1948 00:00,,404.72,"","Spreadsheet","Taken from northumbria high flows study",""
07/01/1949 00:00,,290.80,"","Spreadsheet","Taken from northumbria high flows study",""
22/02/1949 00:00,,277.60,"","Spreadsheet","Taken from northumbria high flows study",""
25/10/1949 00:00,,488.54,"","Spreadsheet","Taken from northumbria high flows study",""
25/12/1949 00:00,,461.69,"","Spreadsheet","Taken from northumbria high flows study",""
15/02/1950 00:00,,331.81,"","Spreadsheet","Taken from northumbria high flows study",""
06/09/1950 00:00,,322.51,"","Spreadsheet","Taken from northumbria high flows study",""
23/11/1950 00:00,,281.98,"","Spreadsheet","Taken from northumbria high flows study",""
17/01/1951 00:00,,384.73,"","Spreadsheet","Taken from northumbria high flows study",""
20/11/1951 00:00,,277.60,"","Spreadsheet","Taken from northumbria high flows study",""
24/11/1951 00:00,,286.38,"","Spreadsheet","Taken from northumbria high flows study",""
06/01/1952 00:00,,308.77,"","Spreadsheet","Taken from northumbria high flows study",""
07/03/1952 00:00,,304.24,"","Spreadsheet","Taken from northumbria high flows study",""
22/04/1952 00:00,,440.64,"","Spreadsheet","Taken from northumbria high flows study",""
28/10/1952 00:00,,273.26,"","Spreadsheet","Taken from northumbria high flows study",""
04/11/1952 00:00,,384.73,"","Spreadsheet","Taken from northumbria high flows study",""
19/01/1954 00:00,,456.39,"","Spreadsheet","Taken from northumbria high flows study",""
06/03/1954 00:00,,313.32,"","Spreadsheet","Taken from northumbria high flows study",""
06/05/1954 00:00,,286.38,"","Spreadsheet","Taken from northumbria high flows study",""
28/07/1954 00:00,,308.77,"","Spreadsheet","Taken from northumbria high flows study",""
16/09/1954 00:00,,435.43,"","Spreadsheet","Taken from northumbria high flows study",""
15/10/1954 00:00,,317.91,"","Spreadsheet","Taken from northumbria high flows study",""
17/10/1954 00:00,,504.93,"","Spreadsheet","Taken from northumbria high flows study",""
22/10/1954 00:00,,483.12,"","Spreadsheet","Taken from northumbria high flows study",""
02/12/1954 00:00,,729.67,"","Spreadsheet","Taken from northumbria high flows study",""
14/12/1954 00:00,,317.91,"","Spreadsheet","Taken from northumbria high flows study",""
10/01/1955 00:00,,717.06,"","Spreadsheet","Taken from northumbria high flows study",""
28/08/1956 00:00,,350.92,"","Spreadsheet","Taken from northumbria high flows study",""
22/01/1957 00:00,,289.82,"","Spreadsheet","Taken from northumbria high flows study",""
11/02/1958 00:00,,302.81,"","Spreadsheet","Taken from northumbria high flows study",""
19/12/1958 00:00,,297.20,"","Spreadsheet","Taken from northumbria high flows study",""
27/10/1959 00:00,,285.80,"","Spreadsheet","Taken from northumbria high flows study",""
15/01/1962 00:00,,281.98,"","Spreadsheet","Taken from northumbria high flows study",""
11/02/1962 00:00,,440.64,"","Spreadsheet","Taken from northumbria high flows study",""
02/04/1962 00:00,,445.86,"","Spreadsheet","Taken from northumbria high flows study",""
11/08/1962 00:00,,327.15,"","Spreadsheet","Taken from northumbria high flows study",""
26/08/1962 00:00,,504.93,"","Spreadsheet","Taken from northumbria high flows study",""
12/09/1962 00:00,,578.26,"","Spreadsheet","Taken from northumbria high flows study",""
23/11/1962 00:00,,369.99,"","Spreadsheet","Taken from northumbria high flows study",""
07/03/1963 00:00,,404.72,"","Spreadsheet","Taken from northumbria high flows study",""
10/11/1963 00:00,,317.91,"","Spreadsheet","Taken from northumbria high flows study",""
12/11/1963 00:00,,281.98,"","Spreadsheet","Taken from northumbria high flows study",""
18/11/1963 00:00,,399.68,"","Spreadsheet","Taken from northumbria high flows study",""
21/11/1963 00:00,,389.69,"","Spreadsheet","Taken from northumbria high flows study",""
23/11/1963 00:00,,472.36,"","Spreadsheet","Taken from northumbria high flows study",""
30/12/1963 00:00,,295.25,"","Spreadsheet","Taken from northumbria high flows study",""
07/10/1964 00:00,,331.81,"","Spreadsheet","Taken from northumbria high flows study",""
08/12/1964 00:00,,472.36,"","Spreadsheet","Taken from northumbria high flows study",""
29/12/1964 00:00,,308.77,"","Spreadsheet","Taken from northumbria high flows study",""
10/01/1965 00:00,,456.39,"","Spreadsheet","Taken from northumbria high flows study",""
13/01/1965 00:00,,322.51,"","Spreadsheet","Taken from northumbria high flows study",""
27/03/1965 00:00,,313.32,"","Spreadsheet","Taken from northumbria high flows study",""
29/07/1965 00:00,,488.54,"","Spreadsheet","Taken from northumbria high flows study",""
04/08/1965 00:00,,369.99,"","Spreadsheet","Taken from northumbria high flows study",""
26/09/1965 00:00,,341.20,"","Spreadsheet","Taken from northumbria high flows study",""
19/11/1965 00:00,,488.54,"","Spreadsheet","Taken from northumbria high flows study",""
23/11/1965 00:00,,295.25,"","Spreadsheet","Taken from northumbria high flows study",""
09/12/1965 00:00,,404.72,"","Spreadsheet","Taken from northumbria high flows study",""
05/02/1966 00:00,,369.99,"","Spreadsheet","Taken from northumbria high flows study",""
25/02/1966 00:00,,374.88,"","Spreadsheet","Taken from northumbria high flows study",""
04/09/1966 00:00,,345.94,"","Spreadsheet","Taken from northumbria high flows study",""
29/11/1966 00:00,,304.24,"","Spreadsheet","Taken from northumbria high flows study",""
19/12/1966 00:00,,277.60,"","Spreadsheet","Taken from northumbria high flows study",""
27/02/1967 00:00,,504.93,"","Spreadsheet","Taken from northumbria high flows study",""
01/10/1967 00:00,,290.80,"","Spreadsheet","Taken from northumbria high flows study",""
06/10/1967 00:00,,404.72,"","Spreadsheet","Taken from northumbria high flows study",""
09/10/1967 00:00,,532.71,"","Spreadsheet","Taken from northumbria high flows study",""
17/10/1967 00:00,,607.45,"","Spreadsheet","Taken from northumbria high flows study",""
01/11/1967 00:00,,369.99,"","Spreadsheet","Taken from northumbria high flows study",""
23/12/1967 00:00,,304.24,"","Spreadsheet","Taken from northumbria high flows study",""
19/03/1968 00:00,,313.32,"","Spreadsheet","Taken from northumbria high flows study",""
23/03/1968 00:00,,698.30,"","Spreadsheet","Taken from northumbria high flows study",""
01/04/1968 00:00,,273.26,"","Spreadsheet","Taken from northumbria high flows study",""
13/08/1968 00:00,,286.38,"","Spreadsheet","Taken from northumbria high flows study",""
12/09/1968 00:00,,379.79,"","Spreadsheet","Taken from northumbria high flows study",""
31/10/1968 00:00,,295.25,"","Spreadsheet","Taken from northumbria high flows study",""
20/12/1968 00:00,,374.88,"","Spreadsheet","Taken from northumbria high flows study",""
19/02/1970 00:00,,331.81,"","Spreadsheet","Taken from northumbria high flows study",""
21/02/1970 00:00,,331.81,"","Spreadsheet","Taken from northumbria high flows study",""
31/10/1970 00:00,,467.01,"","Spreadsheet","Taken from northumbria high flows study",""
23/11/1970 00:00,,331.81,"","Spreadsheet","Taken from northumbria high flows study",""
07/01/1971 00:00,,308.77,"","Spreadsheet","Taken from northumbria high flows study",""
