"NAME:","Eastburn Beck at Crosshills"
"NUMBER:","27084"
"DATE","STAGE (m)","FLOW (m^3/s)","RATING","SOURCE","COMMENT","AMAX ONLY"
19/08/1988 23:30,0.910,12.73,"A[migrated]4","Digital Archive","","AMAX ONLY"
03/12/1988 21:00,1.011,16.33,"A[migrated]4","Digital Archive","",""
19/12/1988 01:00,1.148,21.82,"A[migrated]4","Digital Archive","",""
23/12/1988 07:00,1.077,18.89,"A[migrated]4","Digital Archive","",""
22/03/1989 10:15,1.222,25.07,"A[migrated]4","Digital Archive","",""
24/03/1989 05:00,1.152,21.99,"A[migrated]4","Digital Archive","",""
11/01/1990 04:30,1.086,19.25,"A[migrated]4","Digital Archive","",""
29/01/1990 17:30,1.138,21.40,"A[migrated]4","Digital Archive","",""
24/08/1990 23:45,1.201,24.13,"A[migrated]4","Digital Archive","",""
28/12/1990 16:00,1.021,16.71,"A[migrated]4","Digital Archive","",""
01/01/1991 23:00,1.071,18.65,"A[migrated]4","Digital Archive","",""
06/01/1991 06:00,1.014,16.44,"A[migrated]4","Digital Archive","",""
23/02/1991 12:00,1.224,25.16,"A[migrated]4","Digital Archive","",""
04/11/1991 13:00,1.012,16.37,"A[migrated]4","Digital Archive","",""
07/11/1991 06:00,1.103,19.94,"A[migrated]4","Digital Archive","",""
11/11/1991 00:00,1.297,28.56,"A[migrated]4","Digital Archive","",""
19/12/1991 06:00,1.118,20.56,"A[migrated]4","Digital Archive","",""
21/12/1991 12:00,1.274,27.47,"A[migrated]4","Digital Archive","",""
23/12/1991 12:00,1.069,18.57,"A[migrated]4","Digital Archive","",""
05/01/1992 13:45,1.545,41.42,"A[migrated]5","Digital Archive","",""
02/12/1992 15:30,1.048,17.74,"A[migrated]4","Digital Archive","",""
13/09/1993 13:45,1.238,25.80,"A[migrated]4","Digital Archive","",""
08/12/1993 17:15,1.112,20.31,"A[migrated]4","Digital Archive","",""
15/12/1993 18:45,1.174,22.94,"A[migrated]4","Digital Archive","",""
19/12/1993 09:45,1.699,50.41,"A[migrated]5","Digital Archive","",""
22/12/1993 12:30,1.047,17.70,"A[migrated]4","Digital Archive","",""
23/01/1994 05:30,1.197,23.95,"A[migrated]4","Digital Archive","",""
25/01/1994 05:00,1.124,20.81,"A[migrated]4","Digital Archive","",""
14/11/1994 04:15,1.231,25.48,"A[migrated]4","Digital Archive","",""
28/01/1995 13:30,1.097,19.70,"A[migrated]4","Digital Archive","",""
31/01/1995 21:15,1.454,36.47,"A[migrated]5","Digital Archive","",""
22/02/1995 15:45,1.157,22.21,"A[migrated]4","Digital Archive","",""
18/02/1996 03:15,0.849,10.74,"A[migrated]4","Digital Archive","","AMAX ONLY"
06/11/1996 02:00,1.326,29.96,"A[migrated]5","Digital Archive","",""
10/12/1997 07:15,1.017,16.55,"A[migrated]4","Digital Archive","",""
25/12/1997 22:15,1.236,25.71,"A[migrated]4","Digital Archive","",""
08/01/1998 11:45,1.123,20.77,"A[migrated]4","Digital Archive","",""
04/03/1998 03:15,1.135,21.27,"A[migrated]4","Digital Archive","",""
06/03/1998 19:30,1.176,23.03,"A[migrated]4","Digital Archive","",""
03/04/1998 03:30,1.052,17.90,"A[migrated]4","Digital Archive","",""
23/10/1998 06:45,1.022,16.74,"A[migrated]4","Digital Archive","",""
24/10/1998 15:15,1.064,18.37,"A[migrated]4","Digital Archive","",""
27/10/1998 05:15,1.129,21.02,"A[migrated]4","Digital Archive","",""
15/01/1999 21:00,1.076,18.85,"A[migrated]4","Digital Archive","",""
02/03/1999 17:45,1.063,18.33,"A[migrated]4","Digital Archive","",""
07/05/1999 20:15,1.237,25.75,"A[migrated]4","Digital Archive","",""
29/09/1999 21:30,1.069,18.57,"A[migrated]4","Digital Archive","",""
01/10/1999 22:15,1.014,16.44,"A[migrated]4","Digital Archive","",""
03/12/1999 06:30,1.400,33.66,"A[migrated]5","Digital Archive","",""
06/12/1999 18:30,1.283,27.90,"A[migrated]4","Digital Archive","",""
12/12/1999 00:45,1.115,20.43,"A[migrated]4","Digital Archive","",""
17/12/1999 04:15,1.071,18.65,"A[migrated]4","Digital Archive","",""
29/01/2000 05:15,1.183,23.33,"A[migrated]4","Digital Archive","",""
02/03/2000 20:45,1.235,25.66,"A[migrated]4","Digital Archive","",""
08/03/2000 04:00,1.186,23.46,"A[migrated]4","Digital Archive","",""
04/06/2000 01:00,1.704,50.72,"A[migrated]5","Digital Archive","",""
20/09/2000 00:45,1.071,18.65,"A[migrated]4","Digital Archive","",""
09/10/2000 16:00,1.158,22.25,"A[migrated]4","Digital Archive","",""
30/10/2000 08:15,1.519,39.98,"A[migrated]5","Digital Archive","",""
31/10/2000 06:30,1.515,39.76,"A[migrated]5","Digital Archive","",""
01/11/2000 14:15,1.636,46.64,"A[migrated]5","Digital Archive","Downstream gauge indicates a higher peak level may have been missed the previous day, however weir was drowned at that point and flow would be over-estimated.",""
06/11/2000 06:15,1.108,20.15,"A[migrated]4","Digital Archive","",""
13/11/2000 00:45,1.038,17.36,"A[migrated]4","Digital Archive","",""
08/12/2000 01:00,1.054,17.98,"A[migrated]4","Digital Archive","",""
11/02/2001 06:00,1.058,18.13,"A[migrated]4","Digital Archive","",""
27/09/2001 18:00,1.160,22.33,"A[migrated]4","Digital Archive","",""
08/10/2001 06:15,1.447,36.10,"A[migrated]5","Digital Archive","",""
11/02/2002 04:45,1.428,35.10,"A[migrated]5","Digital Archive","",""
19/02/2002 20:15,1.089,19.37,"A[migrated]4","Digital Archive","",""
22/02/2002 03:45,1.095,19.61,"A[migrated]4","Digital Archive","",""
25/02/2002 16:00,1.231,25.48,"A[migrated]4","Digital Archive","",""
14/06/2002 20:45,1.078,18.93,"A[migrated]4","Digital Archive","",""
02/08/2002 07:00,1.306,28.99,"A[migrated]5","Digital Archive","",""
10/08/2002 04:45,1.010,16.29,"A[migrated]4","Digital Archive","",""
21/10/2002 04:45,1.192,23.73,"A[migrated]4","Digital Archive","",""
29/12/2002 22:00,1.052,17.90,"A[migrated]4","Digital Archive","",""
31/01/2004 11:00,1.181,23.25,"A[migrated]4","Digital Archive","",""
04/02/2004 16:45,1.362,31.74,"A[migrated]5","Digital Archive","",""
10/08/2004 09:00,1.719,51.65,"A[migrated]5","Digital Archive","",""
20/08/2004 06:00,1.361,31.68,"A[migrated]5","Digital Archive","",""
23/10/2004 00:45,1.307,29.04,"A[migrated]5","Digital Archive","",""
07/01/2005 16:45,1.363,31.79,"A[migrated]5","Digital Archive","",""
12/02/2005 05:15,1.249,26.31,"A[migrated]4","Digital Archive","",""
24/10/2005 10:30,1.139,21.44,"A[migrated]4","Digital Archive","",""
20/05/2006 11:15,1.081,19.05,"A[migrated]4","Digital Archive","",""
05/12/2006 04:15,1.148,21.82,"A[migrated]4","Digital Archive","",""
11/01/2007 06:30,1.249,26.31,"A[migrated]4","Digital Archive","",""
18/01/2007 08:30,1.450,36.26,"A[migrated]5","Digital Archive","",""
15/06/2007 09:45,1.113,20.36,"A[migrated]4","Digital Archive","",""
03/07/2007 04:30,1.298,28.61,"A[migrated]4","Digital Archive","",""
06/07/2007 05:15,1.065,18.41,"A[migrated]4","Digital Archive","",""
02/12/2007 19:15,1.072,18.69,"A[migrated]4","Digital Archive","",""
08/12/2007 17:45,1.078,18.94,"A[migrated]4","Digital Archive","",""
28/12/2007 21:30,1.046,17.67,"A[migrated]4","Digital Archive","",""
10/01/2008 07:30,1.109,20.19,"A[migrated]4","Digital Archive","",""
18/01/2008 15:45,1.164,22.51,"A[migrated]4","Digital Archive","",""
21/01/2008 12:15,1.544,41.37,"A[migrated]5","Digital Archive","",""
17/08/2008 03:00,1.153,22.03,"A[migrated]4","Digital Archive","",""
05/09/2008 17:15,1.226,25.25,"A[migrated]4","Digital Archive","",""
05/10/2008 02:00,1.053,17.94,"A[migrated]4","Digital Archive","",""
26/10/2008 05:00,1.292,28.32,"A[migrated]4","Digital Archive","",""
19/12/2008 19:00,1.253,26.49,"A[migrated]4","Digital Archive","",""
17/07/2009 18:45,1.303,28.85,"A[migrated]5","Digital Archive","",""
01/11/2009 11:30,1.219,24.94,"A[migrated]4","Digital Archive","",""
13/11/2009 22:00,1.140,21.48,"A[migrated]4","Digital Archive","",""
18/11/2009 08:00,1.376,32.44,"A[migrated]5","Digital Archive","",""
24/11/2009 23:30,1.144,21.65,"A[migrated]4","Digital Archive","",""
16/01/2010 10:15,1.208,24.44,"A[migrated]4","Digital Archive","",""
03/10/2010 12:30,1.249,26.31,"A[migrated]4","Digital Archive","",""
04/11/2010 18:00,1.322,29.77,"A[migrated]5","Digital Archive","",""
04/02/2011 07:00,1.088,19.32,"A[migrated]4","Digital Archive","",""
05/02/2011 23:45,1.020,16.67,"A[migrated]4","Digital Archive","",""
06/12/2011 23:45,1.021,16.71,"A[migrated]4","Digital Archive","",""
13/12/2011 03:15,1.017,16.55,"A[migrated]4","Digital Archive","",""
04/01/2012 19:45,1.310,29.19,"A[migrated]5","Digital Archive","",""
10/05/2012 15:15,1.483,38.02,"A[migrated]5","Digital Archive","",""
22/06/2012 16:45,1.161,22.38,"A[migrated]4","Digital Archive","",""
05/07/2012 20:30,1.008,16.22,"A[migrated]4","Digital Archive","",""
19/07/2012 05:15,1.066,18.45,"A[migrated]4","Digital Archive","",""
25/09/2012 09:30,1.045,17.63,"A[migrated]4","Digital Archive","",""
26/09/2012 07:00,1.067,18.49,"A[migrated]4","Digital Archive","",""
03/10/2012 19:45,1.082,19.09,"A[migrated]4","Digital Archive","",""
29/12/2012 08:45,1.120,20.64,"A[migrated]4","Digital Archive","",""
30/12/2012 22:45,1.105,20.02,"A[migrated]4","Digital Archive","",""
27/01/2013 05:00,1.075,18.81,"A[migrated]4","Digital Archive","",""
29/01/2013 19:15,1.125,20.85,"A[migrated]4","Digital Archive","",""
12/02/2014 21:00,1.022,16.74,"A[migrated]4","Digital Archive","",""
18/12/2014 17:15,1.192,23.73,"A[migrated]4","Digital Archive","",""
30/03/2015 21:30,1.049,17.78,"A[migrated]4","Digital Archive","",""
09/11/2015 14:45,1.112,20.31,"A[migrated]4","Digital Archive","",""
15/11/2015 09:15,1.276,27.57,"A[migrated]4","Digital Archive","",""
30/11/2015 14:00,1.047,17.70,"A[migrated]4","Digital Archive","",""
12/12/2015 16:30,1.556,42.04,"A[migrated]5","Digital Archive","",""
25/12/2015 17:30,1.186,23.46,"A[migrated]4","Digital Archive","",""
26/12/2015 13:00,1.763,54.37,"A[migrated]5","Digital Archive","Weir non-modular at peak",""
13/09/2016 20:00,1.439,35.68,"A[migrated]5","Digital Archive","",""
21/11/2016 19:30,0.942,13.83,"A[migrated]4","Digital Archive","","AMAX ONLY"
21/10/2017 19:00,1.192,23.71,"A[migrated]4","Digital Archive","",""
18/01/2018 04:15,1.134,21.23,"A[migrated]4","Digital Archive","",""
02/04/2018 23:45,1.080,19.01,"A[migrated]4","Digital Archive","",""
16/03/2019 14:30,1.221,25.03,"A[migrated]4","Digital Archive","",""
29/09/2019 13:45,1.140,21.48,"A[migrated]4","Digital Archive","",""
09/02/2020 11:45,1.500,38.94,"A[migrated]5","Digital Archive","",""
16/02/2020 02:45,1.038,17.36,"A[migrated]4","Digital Archive","",""
21/02/2020 22:30,1.330,30.16,"A[migrated]5","Digital Archive","",""
24/02/2020 14:00,1.508,39.38,"A[migrated]5","Digital Archive","",""
25/08/2020 19:15,1.014,16.44,"A[migrated]4","Digital Archive","",""
01/11/2020 23:30,1.146,21.74,"A[migrated]4","Digital Archive","Weir non-modular at peak, flow may be slightly over-estimated.",""
02/11/2020 21:45,1.084,19.17,"A[migrated]4","Digital Archive","",""
27/12/2020 02:00,1.105,20.02,"A[migrated]4","Digital Archive","",""
20/01/2021 23:45,1.105,20.02,"A[migrated]4","Digital Archive","",""
