"NAME:","Derwent at Church Wilne"
"NUMBER:","28067"
"DATE","STAGE (m)","FLOW (m^3/s)","RATING","SOURCE","COMMENT","AMAX ONLY"
17/07/1973 04:15,2.011,156.00,"3[migrated]3","Digital Archive","",""
06/08/1973 20:00,1.999,154.00,"3[migrated]3","Digital Archive","",""
17/01/1974 04:30,1.586,81.90,"3[migrated]2","Digital Archive","",""
12/02/1974 07:45,1.877,128.00,"3[migrated]3","Digital Archive","",""
25/11/1974 21:15,1.579,81.20,"3[migrated]2","Digital Archive","",""
23/01/1975 04:45,1.753,103.00,"3[migrated]3","Digital Archive","",""
03/01/1976 07:45,1.529,76.00,"3[migrated]2","Digital Archive","","AMAX ONLY"
28/01/1977 10:30,1.897,132.00,"3[migrated]3","Digital Archive","",""
04/02/1977 00:30,1.788,110.00,"3[migrated]3","Digital Archive","",""
11/02/1977 14:45,2.163,191.00,"3[migrated]3","Digital Archive","",""
19/02/1977 06:00,1.757,104.00,"3[migrated]3","Digital Archive","",""
25/02/1977 09:45,2.269,216.00,"3[migrated]3","Digital Archive","",""
29/01/1978 01:45,2.058,167.00,"3[migrated]3","Digital Archive","",""
02/02/1978 12:00,1.679,92.00,"3[migrated]2","Digital Archive","",""
29/12/1978 16:00,2.265,215.00,"3[migrated]3","Digital Archive","",""
28/02/1979 13:45,1.826,117.00,"3[migrated]3","Digital Archive","",""
04/03/1979 04:30,2.078,171.00,"3[migrated]3","Digital Archive","",""
12/03/1979 04:15,1.742,101.00,"3[migrated]3","Digital Archive","",""
26/03/1979 11:30,2.089,174.00,"3[migrated]3","Digital Archive","",""
09/04/1979 05:45,2.021,158.00,"3[migrated]3","Digital Archive","",""
31/05/1979 06:45,1.946,142.00,"3[migrated]3","Digital Archive","",""
14/12/1979 16:30,1.861,125.00,"3[migrated]3","Digital Archive","",""
28/12/1979 07:45,1.912,135.00,"3[migrated]3","Digital Archive","",""
02/01/1980 17:30,1.578,81.10,"3[migrated]2","Digital Archive","",""
08/02/1980 23:30,2.043,163.00,"3[migrated]3","Digital Archive","",""
26/02/1980 06:15,1.639,87.60,"3[migrated]2","Digital Archive","",""
19/03/1980 06:00,1.579,81.20,"3[migrated]2","Digital Archive","",""
29/03/1980 08:00,1.674,91.40,"3[migrated]2","Digital Archive","",""
28/10/1980 15:30,1.966,147.00,"3[migrated]3","Digital Archive","",""
03/01/1981 14:45,1.722,97.20,"3[migrated]3","Digital Archive","",""
15/01/1981 05:45,1.731,99.00,"3[migrated]3","Digital Archive","",""
10/02/1981 00:00,1.785,109.00,"3[migrated]3","Digital Archive","",""
11/03/1981 22:15,1.947,142.00,"3[migrated]3","Digital Archive","",""
22/03/1981 13:00,1.930,139.00,"3[migrated]3","Digital Archive","",""
30/04/1981 01:00,1.787,110.00,"3[migrated]3","Digital Archive","",""
31/12/1981 08:00,1.989,151.00,"3[migrated]3","Digital Archive","",""
06/01/1982 03:45,1.989,151.00,"3[migrated]3","Digital Archive","",""
07/03/1982 05:30,1.577,81.00,"3[migrated]2","Digital Archive","",""
15/03/1982 20:45,1.776,108.00,"3[migrated]3","Digital Archive","",""
23/06/1982 08:15,1.829,118.00,"3[migrated]3","Digital Archive","",""
20/12/1982 03:30,1.681,92.20,"3[migrated]2","Digital Archive","",""
04/01/1983 22:30,1.751,103.00,"3[migrated]3","Digital Archive","",""
01/02/1983 13:30,1.758,104.00,"3[migrated]3","Digital Archive","","AMAX ONLY"
01/02/1983 13:45,1.758,104.00,"3[migrated]3","Digital Archive","",""
11/04/1983 05:30,1.747,102.00,"3[migrated]3","Digital Archive","",""
21/04/1983 11:30,1.593,82.70,"3[migrated]2","Digital Archive","",""
02/05/1983 18:00,1.734,99.50,"3[migrated]3","Digital Archive","",""
10/12/1983 03:30,1.574,80.70,"3[migrated]2","Digital Archive","",""
15/12/1983 18:45,1.587,82.00,"3[migrated]2","Digital Archive","",""
21/12/1983 04:15,1.657,89.60,"3[migrated]2","Digital Archive","",""
02/01/1984 02:15,1.667,90.70,"3[migrated]2","Digital Archive","",""
17/01/1984 04:00,1.699,94.20,"3[migrated]2","Digital Archive","",""
03/02/1984 10:45,2.098,176.00,"3[migrated]3","Digital Archive","",""
07/02/1984 16:15,2.201,199.00,"3[migrated]3","Digital Archive","",""
12/04/1985 04:00,1.556,78.80,"3[migrated]2","Digital Archive","","AMAX ONLY"
07/12/1985 04:30,1.597,83.10,"3[migrated]2","Digital Archive","",""
11/01/1986 03:00,2.178,194.00,"3[migrated]3","Digital Archive","",""
20/01/1986 05:00,1.609,84.40,"3[migrated]2","Digital Archive","",""
30/01/1986 18:45,1.627,86.30,"3[migrated]2","Digital Archive","",""
17/04/1986 17:00,1.833,119.00,"3[migrated]3","Digital Archive","",""
20/05/1986 14:30,1.803,113.00,"3[migrated]3","Digital Archive","",""
26/11/1986 11:15,1.702,94.60,"3[migrated]2","Digital Archive","",""
15/12/1986 20:45,1.622,85.80,"3[migrated]2","Digital Archive","",""
19/12/1986 09:00,1.682,92.30,"3[migrated]2","Digital Archive","",""
01/01/1987 22:15,2.015,157.00,"3[migrated]3","Digital Archive","",""
08/04/1987 00:15,1.735,99.70,"3[migrated]3","Digital Archive","",""
24/11/1987 13:45,1.598,83.20,"3[migrated]2","Digital Archive","",""
06/01/1988 14:15,1.767,106.00,"3[migrated]3","Digital Archive","",""
25/01/1988 00:30,1.970,147.00,"3[migrated]3","Digital Archive","",""
04/02/1988 21:45,1.580,81.30,"3[migrated]2","Digital Archive","",""
10/02/1988 16:30,1.576,80.90,"3[migrated]2","Digital Archive","",""
14/02/1988 13:15,1.623,85.90,"3[migrated]2","Digital Archive","",""
16/03/1988 03:00,2.059,167.00,"3[migrated]3","Digital Archive","",""
20/03/1988 11:45,1.577,81.00,"3[migrated]2","Digital Archive","",""
20/10/1988 19:45,1.591,82.50,"3[migrated]2","Digital Archive","",""
25/02/1989 05:15,1.757,104.00,"3[migrated]3","Digital Archive","",""
24/03/1989 20:45,1.891,131.00,"3[migrated]3","Digital Archive","",""
07/04/1989 11:00,1.649,88.70,"3[migrated]2","Digital Archive","",""
10/04/1989 19:00,1.683,92.40,"3[migrated]2","Digital Archive","",""
21/12/1989 21:30,1.678,91.90,"3[migrated]2","Digital Archive","",""
28/01/1990 15:30,1.823,117.00,"3[migrated]3","Digital Archive","",""
08/02/1990 11:00,1.959,145.00,"3[migrated]3","Digital Archive","",""
28/02/1990 23:30,1.584,81.70,"3[migrated]2","Digital Archive","",""
27/12/1990 03:30,1.688,93.00,"3[migrated]2","Digital Archive","",""
10/01/1991 17:00,1.840,120.00,"3[migrated]3","Digital Archive","",""
22/12/1991 11:30,2.191,197.00,"3[migrated]3","Digital Archive","",""
03/12/1992 05:15,1.907,134.00,"3[migrated]3","Digital Archive","",""
07/12/1992 13:30,1.674,91.40,"3[migrated]2","Digital Archive","",""
07/10/1993 13:15,1.662,90.10,"3[migrated]2","Digital Archive","",""
09/12/1993 16:00,2.048,164.00,"3[migrated]3","Digital Archive","",""
17/12/1993 00:15,1.819,116.00,"3[migrated]3","Digital Archive","",""
23/12/1993 07:00,1.721,97.10,"3[migrated]3","Digital Archive","",""
30/12/1993 04:45,1.698,94.10,"3[migrated]2","Digital Archive","",""
03/01/1994 03:00,1.719,96.70,"3[migrated]3","Digital Archive","",""
13/01/1994 09:45,1.604,83.80,"3[migrated]2","Digital Archive","",""
23/01/1994 22:30,1.611,84.60,"3[migrated]2","Digital Archive","",""
28/01/1994 06:30,1.650,88.80,"3[migrated]2","Digital Archive","",""
12/11/1994 23:30,1.575,80.80,"3[migrated]2","Digital Archive","",""
27/12/1994 17:45,1.778,108.00,"3[migrated]3","Digital Archive","",""
11/01/1995 14:15,1.845,121.00,"3[migrated]3","Digital Archive","",""
26/01/1995 14:15,2.195,198.00,"3[migrated]3","Digital Archive","",""
01/02/1995 15:45,1.789,110.00,"3[migrated]3","Digital Archive","",""
12/02/1995 03:45,1.607,84.20,"3[migrated]2","Digital Archive","",""
12/02/1996 17:45,1.369,60.50,"3[migrated]2","Digital Archive","","AMAX ONLY"
20/12/1996 20:00,1.735,99.70,"3[migrated]3","Digital Archive","",""
05/01/1998 13:00,1.901,133.00,"3[migrated]3","Digital Archive","",""
09/01/1998 10:15,1.961,145.00,"3[migrated]3","Digital Archive","",""
19/01/1998 08:15,1.614,84.90,"3[migrated]2","Digital Archive","",""
07/03/1998 20:30,2.230,206.00,"3[migrated]3","Digital Archive","",""
24/10/1998 00:00,2.201,199.00,"3[migrated]3","Digital Archive","",""
28/10/1998 16:00,2.402,249.00,"3[migrated]3","Digital Archive","",""
16/01/1999 13:45,1.966,147.00,"3[migrated]3","Digital Archive","",""
03/03/1999 07:45,1.798,112.00,"3[migrated]3","Digital Archive","",""
10/03/1999 07:00,1.852,123.00,"3[migrated]3","Digital Archive","",""
12/12/1999 08:15,1.718,96.50,"3[migrated]3","Digital Archive","",""
25/12/1999 13:30,1.717,96.30,"3[migrated]3","Digital Archive","",""
03/03/2000 19:00,1.981,150.00,"3[migrated]3","Digital Archive","",""
19/04/2000 15:15,1.612,84.70,"3[migrated]2","Digital Archive","",""
11/10/2000 19:00,1.641,87.80,"3[migrated]2","Digital Archive","",""
30/10/2000 22:00,2.238,208.00,"3[migrated]3","Digital Archive","",""
07/11/2000 07:00,2.515,278.00,"3[migrated]3","Digital Archive","",""
22/11/2000 20:45,1.685,92.70,"3[migrated]2","Digital Archive","",""
27/11/2000 02:00,1.714,95.90,"3[migrated]2","Digital Archive","",""
08/12/2000 15:15,2.053,166.00,"3[migrated]3","Digital Archive","",""
12/02/2001 20:15,1.762,105.00,"3[migrated]3","Digital Archive","",""
06/04/2001 13:45,1.585,81.80,"3[migrated]2","Digital Archive","",""
18/05/2001 04:15,1.764,105.00,"3[migrated]3","Digital Archive","",""
27/10/2001 03:00,1.956,144.00,"3[migrated]3","Digital Archive","",""
12/02/2002 01:45,1.987,151.00,"3[migrated]3","Digital Archive","",""
20/02/2002 19:30,2.089,174.00,"3[migrated]3","Digital Archive","",""
27/02/2002 03:30,2.158,189.00,"3[migrated]3","Digital Archive","",""
09/11/2002 11:45,1.738,100.00,"3[migrated]3","Digital Archive","",""
15/11/2002 02:30,1.732,99.10,"3[migrated]3","Digital Archive","",""
03/12/2002 14:00,1.578,81.10,"3[migrated]2","Digital Archive","",""
22/12/2002 15:00,1.650,88.80,"3[migrated]2","Digital Archive","",""
31/12/2002 00:30,2.283,219.00,"3[migrated]3","Digital Archive","",""
01/02/2004 05:30,2.125,176.00,"43","Digital Archive","",""
05/02/2004 09:30,1.669,96.90,"42","Digital Archive","",""
11/08/2004 01:15,1.759,109.00,"42","Digital Archive","",""
12/02/2005 23:45,1.752,108.00,"42","Digital Archive","",""
25/10/2005 01:45,1.717,103.00,"42","Digital Archive","",""
09/11/2005 12:45,1.633,92.30,"42","Digital Archive","",""
23/05/2006 03:00,1.719,103.00,"42","Digital Archive","",""
12/01/2007 00:45,1.912,130.00,"42","Digital Archive","",""
18/01/2007 23:00,2.052,160.00,"43","Digital Archive","",""
22/01/2007 08:00,1.537,80.80,"42","Digital Archive","",""
11/02/2007 15:45,1.541,81.20,"42","Digital Archive","",""
26/06/2007 17:45,2.480,262.00,"43","Digital Archive","",""
05/07/2007 12:30,1.827,118.00,"42","Digital Archive","",""
09/12/2007 07:00,1.756,108.00,"42","Digital Archive","",""
12/01/2008 08:45,1.736,106.00,"42","Digital Archive","",""
16/01/2008 06:30,2.201,193.00,"43","Digital Archive","",""
22/01/2008 05:30,2.156,183.00,"43","Digital Archive","",""
06/09/2008 19:45,2.252,205.00,"43","Digital Archive","",""
06/10/2008 00:45,1.891,127.00,"42","Digital Archive","",""
27/10/2008 00:15,1.638,93.00,"42","Digital Archive","",""
14/12/2008 03:00,1.683,98.70,"42","Digital Archive","",""
24/11/2009 05:30,1.584,86.40,"42","Digital Archive","",""
30/11/2009 10:30,1.664,96.30,"42","Digital Archive","",""
07/12/2009 01:45,1.948,137.00,"43","Digital Archive","",""
17/01/2010 00:30,1.841,120.00,"42","Digital Archive","",""
23/01/2010 08:45,1.784,112.00,"42","Digital Archive","",""
09/11/2010 10:15,1.830,118.00,"42","Digital Archive","",""
07/02/2011 02:00,2.172,187.00,"43","Digital Archive","",""
05/01/2012 19:00,1.944,136.00,"43","Digital Archive","",""
27/04/2012 19:30,2.113,173.00,"43","Digital Archive","Site building broken into & vandalised",""
10/06/2012 01:30,1.961,140.00,"43","Digital Archive","Site building broken into & vandalised",""
07/07/2012 09:00,2.281,212.00,"43","Digital Archive","Site building broken into & vandalised",""
27/09/2012 01:00,1.886,126.00,"42","Digital Archive","Site building broken into & vandalised",""
22/11/2012 02:15,1.588,86.80,"42","Digital Archive","Site building broken into & vandalised",""
25/11/2012 17:15,2.337,226.00,"43","Digital Archive","Site building broken into & vandalised",""
15/12/2012 14:30,1.722,104.00,"42","Digital Archive","Site building broken into & vandalised",""
21/12/2012 04:30,2.323,223.00,"43","Digital Archive","Site building broken into & vandalised",""
30/12/2012 06:45,1.560,83.50,"42","Digital Archive","Site building broken into & vandalised",""
27/01/2013 20:45,2.145,180.00,"43","Digital Archive","",""
15/02/2013 06:15,1.638,93.00,"42","Digital Archive","",""
09/01/2014 16:15,1.658,98.80,"52","Digital Archive","",""
27/01/2014 04:30,1.564,87.10,"52","Digital Archive","",""
01/02/2014 13:45,2.087,173.00,"53","Digital Archive","",""
06/02/2014 17:15,1.703,105.00,"52","Digital Archive","",""
12/02/2014 02:00,1.803,118.00,"52","Digital Archive","",""
16/02/2014 06:00,2.019,158.00,"53","Digital Archive","",""
12/12/2014 21:30,1.609,92.60,"52","Digital Archive","",""
01/12/2015 10:00,1.707,105.00,"52","Digital Archive","",""
13/12/2015 15:00,1.810,119.00,"52","Digital Archive","",""
31/12/2015 16:45,1.585,89.60,"52","Digital Archive","",""
04/01/2016 11:00,2.099,176.00,"53","Digital Archive","",""
07/01/2016 23:30,2.100,176.00,"53","Digital Archive","",""
09/02/2016 15:15,2.136,184.00,"53","Digital Archive","",""
10/03/2016 06:15,1.611,92.90,"52","Digital Archive","",""
28/03/2016 21:00,1.785,116.00,"52","Digital Archive","",""
22/11/2016 10:45,2.163,191.00,"53","Digital Archive","",""
19/01/2018 09:15,1.801,118.00,"52","Digital Archive","",""
23/01/2018 00:30,1.604,92.00,"52","Digital Archive","",""
13/03/2018 04:30,2.031,161.00,"53","Digital Archive","",""
03/04/2018 16:30,2.080,172.00,"53","Digital Archive","",""
17/03/2019 15:30,2.122,181.00,"53","Digital Archive","",""
01/08/2019 16:45,1.597,91.10,"52","Digital Archive","",""
30/09/2019 06:30,2.027,160.00,"53","Digital Archive","",""
27/10/2019 06:15,2.305,224.00,"53","Digital Archive","",""
09/11/2019 02:30,2.511,277.00,"53","Digital Archive","",""
15/11/2019 14:30,2.221,204.00,"53","Digital Archive","",""
14/12/2019 12:30,1.946,142.00,"53","Digital Archive","",""
10/02/2020 07:45,2.029,160.00,"53","Digital Archive","",""
17/02/2020 02:15,2.372,241.00,"53","Digital Archive","",""
24/02/2020 03:15,2.204,200.00,"53","Digital Archive","",""
29/02/2020 21:30,2.091,174.00,"53","Digital Archive","",""
11/03/2020 05:00,1.884,130.00,"52","Digital Archive","",""
24/12/2020 10:15,1.742,109.88,"52","Digital Archive","",""
28/12/2020 00:15,1.931,139.06,"53","Digital Archive","",""
14/01/2021 23:45,2.131,183.16,"53","Digital Archive","",""
21/01/2021 20:45,2.386,244.55,"53","Digital Archive","",""
29/01/2021 03:15,2.071,169.54,"53","Digital Archive","",""
03/02/2021 13:45,1.730,108.27,"52","Digital Archive","",""
07/02/2021 16:00,1.861,126.51,"52","Digital Archive","",""
