"NAME:","Great Eau at Claythorpe Mill"
"NUMBER:","29002"
"DATE","STAGE (m)","FLOW (m^3/s)","RATING","SOURCE","COMMENT","AMAX ONLY"
05/03/1963 00:00,0.280,2.64,"111","CEH handwritten and typed annual maxima list","Threshold is set at 40 cusec or a head of 1' Gauge zero 21.60,Oct-dec 68 station metric, stage in ft change to stagem Recoder incorrectly geared peak level unreliable flow from ann max listing",""
14/03/1964 00:00,0.280,2.50,"111","CEH handwritten and typed annual maxima list","Threshold is set at 40 cusec or a head of 1' Gauge zero 21.60,Oct-dec 68 station metric, stage in ft change to stagem Recoder incorrectly geared peak unreliable flow from ann max listing",""
20/03/1965 00:00,,2.06,"113","Typed Ann max list","","AMAX ONLY"
11/11/1965 00:00,0.340,1.21,"111","CEH handwritten","Threshold is set at 40 cusec or a head of 1' Gauge zero 21.60,Oct-dec 68 station metric, stage in ft change to stagem",""
18/11/1965 00:00,0.420,1.88,"112","CEH handwritten","Threshold is set at 40 cusec or a head of 1' Gauge zero 21.60,Oct-dec 68 station metric, stage in ft change to stagem",""
20/11/1965 00:00,0.340,1.21,"111","CEH handwritten","Threshold is set at 40 cusec or a head of 1' Gauge zero 21.60,Oct-dec 68 station metric, stage in ft change to stagem",""
25/11/1965 00:00,0.450,2.19,"112","CEH handwritten","Threshold is set at 40 cusec or a head of 1' Gauge zero 21.60,Oct-dec 68 station metric, stage in ft change to stagem",""
27/11/1965 00:00,0.350,1.26,"111","CEH handwritten","Threshold is set at 40 cusec or a head of 1' Gauge zero 21.60,Oct-dec 68 station metric, stage in ft change to stagem",""
29/11/1965 00:00,0.730,6.60,"113","CEH handwritten","Threshold is set at 40 cusec or a head of 1' Gauge zero 21.60,Oct-dec 68 station metric, stage in ft change to stagem",""
02/12/1965 00:00,0.440,2.08,"112","CEH handwritten","Threshold is set at 40 cusec or a head of 1' Gauge zero 21.60,Oct-dec 68 station metric, stage in ft change to stagem",""
05/12/1965 00:00,0.420,1.88,"112","CEH handwritten","Threshold is set at 40 cusec or a head of 1' Gauge zero 21.60,Oct-dec 68 station metric, stage in ft change to stagem",""
09/12/1965 00:00,0.590,4.10,"113","CEH handwritten","Threshold is set at 40 cusec or a head of 1' Gauge zero 21.60,Oct-dec 68 station metric, stage in ft change to stagem",""
13/12/1965 00:00,0.450,2.19,"112","CEH handwritten","Threshold is set at 40 cusec or a head of 1' Gauge zero 21.60,Oct-dec 68 station metric, stage in ft change to stagem",""
18/12/1965 00:00,0.580,3.95,"113","CEH handwritten","Threshold is set at 40 cusec or a head of 1' Gauge zero 21.60,Oct-dec 68 station metric, stage in ft change to stagem",""
23/12/1965 00:00,0.550,3.49,"112","CEH handwritten","Threshold is set at 40 cusec or a head of 1' Gauge zero 21.60,Oct-dec 68 station metric, stage in ft change to stagem",""
29/12/1965 00:00,0.540,3.34,"112","CEH handwritten","Threshold is set at 40 cusec or a head of 1' Gauge zero 21.60,Oct-dec 68 station metric, stage in ft change to stagem",""
01/01/1966 00:00,0.550,3.49,"112","CEH handwritten","Threshold is set at 40 cusec or a head of 1' Gauge zero 21.60,Oct-dec 68 station metric, stage in ft change to stagem",""
28/01/1966 00:00,0.490,2.66,"112","CEH handwritten","Threshold is set at 40 cusec or a head of 1' Gauge zero 21.60,Oct-dec 68 station metric, stage in ft change to stagem",""
08/02/1966 00:00,0.600,4.26,"113","CEH handwritten","Threshold is set at 40 cusec or a head of 1' Gauge zero 21.60,Oct-dec 68 station metric, stage in ft change to stagem",""
12/02/1966 00:00,0.420,1.88,"112","CEH handwritten","Threshold is set at 40 cusec or a head of 1' Gauge zero 21.60,Oct-dec 68 station metric, stage in ft change to stagem",""
19/02/1966 00:00,0.500,2.79,"112","CEH handwritten","Threshold is set at 40 cusec or a head of 1' Gauge zero 21.60,Oct-dec 68 station metric, stage in ft change to stagem",""
08/03/1966 00:00,0.330,1.16,"111","CEH handwritten","Threshold is set at 40 cusec or a head of 1' Gauge zero 21.60,Oct-dec 68 station metric, stage in ft change to stagem",""
12/03/1966 00:00,0.570,3.79,"113","CEH handwritten","Threshold is set at 40 cusec or a head of 1' Gauge zero 21.60,Oct-dec 68 station metric, stage in ft change to stagem",""
20/03/1966 00:00,0.560,3.64,"113","CEH handwritten","Threshold is set at 40 cusec or a head of 1' Gauge zero 21.60,Oct-dec 68 station metric, stage in ft change to stagem",""
18/04/1966 00:00,0.410,1.78,"112","CEH handwritten","Threshold is set at 40 cusec or a head of 1' Gauge zero 21.60,Oct-dec 68 station metric, stage in ft change to stagem",""
23/11/1966 00:00,0.360,1.34,"112","CEH handwritten","Threshold is set at 40 cusec or a head of 1' Gauge zero 21.60,Oct-dec 68 station metric, stage in ft change to stagem",""
01/12/1966 00:00,0.390,1.59,"112","CEH handwritten","Threshold is set at 40 cusec or a head of 1' Gauge zero 21.60,Oct-dec 68 station metric, stage in ft change to stagem",""
27/02/1967 00:00,0.430,1.98,"112","CEH handwritten","Threshold is set at 40 cusec or a head of 1' Gauge zero 21.60,Oct-dec 68 station metric, stage in ft change to stagem",""
15/03/1967 00:00,0.520,3.06,"112","CEH handwritten","Threshold is set at 40 cusec or a head of 1' Gauge zero 21.60,Oct-dec 68 station metric, stage in ft change to stagem",""
16/10/1967 00:00,0.320,1.10,"111","CEH handwritten","Threshold is set at 40 cusec or a head of 1' Gauge zero 21.60,Oct-dec 68 station metric, stage in ft change to stagem",""
06/11/1967 00:00,0.390,1.59,"112","CEH handwritten","Threshold is set at 40 cusec or a head of 1' Gauge zero 21.60,Oct-dec 68 station metric, stage in ft change to stagem",""
11/07/1968 00:00,,13.30,"113","Typed Ann max list","","AMAX ONLY"
13/03/1969 00:00,0.480,2.54,"112","CEH handwritten","Threshold is set at 40 cusec or a head of 1' Gauge zero 21.60,Oct-dec 68 station metric, stage m",""
13/04/1970 00:00,,3.88,"113","Typed Ann max list","","AMAX ONLY"
24/01/1971 00:00,,2.75,"113","Typed Ann max list","",""
27/01/1972 00:00,,3.10,"113","Typed Ann max list","",""
06/12/1972 00:00,,2.20,"113","Typed Ann max list","","AMAX ONLY"
09/02/1974 00:00,0.390,1.59,"112","CEHPOT 23/01/1986","Threshold Level 0.432m",""
27/01/1975 00:00,0.480,2.54,"112","CEHPOT 23/01/1986","Threshold Level 0.432m",""
09/03/1975 00:00,0.470,2.42,"112","CEHPOT 23/01/1986","Threshold Level 0.432m",""
19/04/1975 00:00,0.620,4.59,"113","CEHPOT 23/01/1986","Threshold Level 0.432m",""
02/01/1976 00:00,0.280,0.90,"111","CEHPOT 23/01/1986","Threshold Level 0.432m",""
28/01/1977 00:00,0.540,3.34,"112","CEHPOT 23/01/1986","Threshold Level 0.432m",""
10/02/1977 00:00,0.705,6.11,"113","CEHPOT 23/01/1986","Threshold Level 0.432m",""
18/02/1977 00:00,0.465,2.36,"112","CEHPOT 23/01/1986","Threshold Level 0.432m",""
20/02/1977 00:00,0.485,2.60,"112","CEHPOT 23/01/1986","Threshold Level 0.432m",""
23/02/1977 00:00,0.530,3.20,"112","CEHPOT 23/01/1986","Threshold Level 0.432m",""
11/01/1978 00:00,0.520,3.06,"112","CEHPOT 23/01/1986","Threshold Level 0.432m",""
28/01/1978 00:00,0.540,3.34,"112","CEHPOT 23/01/1986","Threshold Level 0.432m",""
01/02/1978 00:00,0.510,2.92,"112","CEHPOT 23/01/1986","Threshold Level 0.432m",""
04/02/1978 00:00,0.435,2.03,"112","CEHPOT 23/01/1986","Threshold Level 0.432m",""
11/02/1978 00:00,0.450,2.19,"112","CEHPOT 23/01/1986","Threshold Level 0.432m",""
05/05/1978 00:00,0.600,4.26,"113","CEHPOT 23/01/1986","Threshold Level 0.432m",""
30/06/1978 00:00,0.470,2.42,"112","CEHPOT 23/01/1986","Threshold Level 0.432m",""
24/12/1978 00:00,0.455,2.25,"112","CEHPOT 23/01/1986","Threshold Level 0.432m",""
27/12/1978 00:00,0.520,3.06,"112","CEHPOT 23/01/1986","Threshold Level 0.432m",""
28/12/1978 00:00,0.520,3.06,"112","CEHPOT 23/01/1986","Threshold Level 0.432m",""
29/12/1978 00:00,0.525,3.13,"112","CEHPOT 23/01/1986","Threshold Level 0.432m",""
01/02/1979 00:00,0.575,3.87,"113","CEHPOT 23/01/1986","Threshold Level 0.432m",""
13/02/1979 00:00,0.465,2.36,"112","CEHPOT 23/01/1986","Threshold Level 0.432m",""
28/02/1979 00:00,0.435,2.03,"112","CEHPOT 23/01/1986","Threshold Level 0.432m",""
17/03/1979 00:00,0.505,2.86,"112","CEHPOT 23/01/1986","Threshold Level 0.432m",""
28/03/1979 00:00,0.610,4.43,"113","CEHPOT 23/01/1986","Threshold Level 0.432m, one POT before 14/12/79",""
11/12/1979 09:30,0.356,1.31,"112","Digital Archive","",""
14/12/1979 09:00,0.589,4.09,"113","Digital Archive","",""
28/12/1979 02:15,0.507,2.88,"112","Digital Archive","",""
04/01/1980 08:15,0.434,2.02,"112","Digital Archive","",""
21/01/1980 17:30,0.377,1.48,"112","Digital Archive","",""
31/01/1980 14:45,0.479,2.53,"112","Digital Archive","",""
05/02/1980 07:15,0.501,2.80,"112","Digital Archive","",""
08/02/1980 14:30,0.538,3.31,"112","Digital Archive","",""
25/02/1980 23:15,0.593,4.15,"113","Digital Archive","",""
12/03/1980 23:30,0.451,2.20,"112","Digital Archive","",""
18/03/1980 06:45,0.615,4.51,"113","Digital Archive","",""
16/08/1980 06:00,0.365,1.38,"112","Digital Archive","",""
16/10/1980 23:00,0.375,1.46,"112","Digital Archive","",""
27/10/1980 09:45,0.397,1.66,"112","Digital Archive","",""
14/11/1980 20:45,0.450,2.19,"112","Digital Archive","",""
29/11/1980 20:00,0.386,1.56,"112","Digital Archive","",""
17/12/1980 18:30,0.465,2.36,"112","Digital Archive","",""
19/01/1981 09:30,0.354,1.29,"112","Digital Archive","",""
10/02/1981 00:00,0.592,4.14,"113","Digital Archive","",""
11/03/1981 13:30,0.549,3.48,"112","Digital Archive","",""
14/03/1981 07:45,0.584,4.01,"113","Digital Archive","",""
26/04/1981 18:30,0.833,8.77,"113","Digital Archive","",""
30/12/1981 19:30,0.508,2.90,"112","Digital Archive","",""
03/01/1982 09:30,0.366,1.39,"112","Digital Archive","",""
06/01/1982 00:15,0.447,2.16,"112","Digital Archive","",""
07/03/1982 02:45,0.440,2.08,"112","Digital Archive","",""
10/03/1982 15:45,0.364,1.37,"112","Digital Archive","",""
16/03/1982 01:15,0.447,2.16,"112","Digital Archive","",""
23/06/1982 00:30,0.455,2.25,"112","Digital Archive","",""
26/06/1982 02:00,0.440,2.08,"112","Digital Archive","",""
15/11/1982 00:45,0.384,1.54,"112","Digital Archive","",""
10/12/1982 08:15,0.491,2.68,"112","Digital Archive","",""
19/12/1982 23:30,0.380,1.50,"112","Digital Archive","",""
06/01/1983 20:45,0.366,1.39,"112","Digital Archive","",""
14/01/1983 14:00,0.423,1.91,"112","Digital Archive","",""
01/02/1983 01:15,0.389,1.58,"112","Digital Archive","",""
07/02/1983 10:15,0.405,1.73,"112","Digital Archive","",""
11/02/1983 21:30,0.447,2.16,"112","Digital Archive","",""
11/04/1983 16:15,0.446,2.15,"112","Digital Archive","",""
21/04/1983 00:15,0.449,2.18,"112","Digital Archive","",""
02/05/1983 06:30,0.514,2.98,"112","Digital Archive","",""
02/06/1983 04:15,0.433,2.01,"112","Digital Archive","",""
27/11/1983 08:45,0.401,1.69,"112","Digital Archive","",""
10/12/1983 01:15,0.427,1.95,"112","Digital Archive","",""
16/01/1984 23:45,0.382,1.52,"112","Digital Archive","",""
29/01/1984 15:45,0.528,3.17,"112","Digital Archive","",""
08/02/1984 08:30,0.523,3.10,"112","Digital Archive","",""
26/03/1984 19:15,0.473,2.45,"112","Digital Archive","",""
22/05/1984 08:00,0.358,1.32,"112","Digital Archive","",""
28/05/1984 03:15,0.454,2.23,"112","Digital Archive","",""
21/01/1985 20:00,0.651,5.12,"113","Digital Archive","",""
30/01/1985 00:45,0.514,2.98,"112","Digital Archive","",""
12/04/1985 04:15,0.356,1.31,"112","Digital Archive","",""
15/04/1985 00:30,0.360,1.34,"112","Digital Archive","",""
21/05/1985 11:30,0.403,1.71,"112","Digital Archive","",""
07/12/1985 05:15,0.474,2.47,"112","Digital Archive","",""
25/12/1985 06:45,0.365,1.38,"112","Digital Archive","",""
02/01/1986 08:45,0.414,1.82,"112","Digital Archive","",""
10/01/1986 16:30,0.454,2.23,"112","Digital Archive","",""
03/02/1986 01:30,0.448,2.17,"112","Digital Archive","",""
24/03/1986 15:00,0.404,1.72,"112","Digital Archive","",""
08/04/1986 07:45,0.402,1.70,"112","Digital Archive","",""
16/04/1986 07:45,0.370,1.42,"112","Digital Archive","",""
20/04/1986 14:45,0.385,1.55,"112","Digital Archive","",""
15/05/1986 08:45,0.417,1.85,"112","Digital Archive","",""
21/05/1986 00:45,0.940,11.34,"113","Digital Archive","",""
21/11/1986 09:15,0.466,2.37,"112","Digital Archive","",""
13/12/1986 13:15,0.390,1.59,"112","Digital Archive","",""
30/12/1986 22:00,0.536,3.28,"112","Digital Archive","",""
01/01/1987 19:30,0.484,2.59,"112","Digital Archive","",""
22/01/1987 08:45,0.444,2.12,"112","Digital Archive","",""
12/02/1987 23:30,0.384,1.54,"112","Digital Archive","",""
27/02/1987 01:30,0.392,1.61,"112","Digital Archive","",""
02/03/1987 09:15,0.389,1.58,"112","Digital Archive","",""
27/03/1987 09:00,0.412,1.80,"112","Digital Archive","",""
02/04/1987 01:30,0.471,2.43,"112","Digital Archive","",""
07/04/1987 20:00,0.421,1.89,"112","Digital Archive","",""
26/08/1987 08:15,0.365,1.38,"112","Digital Archive","",""
11/10/1987 02:45,0.491,2.68,"112","Digital Archive","",""
16/10/1987 10:00,0.514,2.98,"112","Digital Archive","",""
02/01/1988 12:15,0.563,3.69,"113","Digital Archive","",""
06/01/1988 10:30,0.433,2.01,"112","Digital Archive","",""
24/01/1988 10:15,0.543,3.39,"112","Digital Archive","",""
29/01/1988 22:30,0.621,4.61,"113","Digital Archive","",""
03/03/1988 16:00,0.401,1.69,"112","Digital Archive","",""
15/03/1988 18:15,0.541,3.36,"112","Digital Archive","",""
23/03/1988 05:00,0.470,2.42,"112","Digital Archive","",""
20/10/1988 19:45,0.457,2.27,"112","Digital Archive","",""
19/12/1989 01:00,0.390,1.59,"112","Digital Archive","",""
25/01/1990 16:15,0.364,1.37,"112","Digital Archive","",""
07/02/1990 18:30,0.421,1.89,"112","Digital Archive","",""
28/02/1991 08:45,0.359,1.33,"112","Digital Archive","",""
09/01/1992 08:30,0.331,1.16,"111","Digital Archive","","AMAX ONLY"
03/10/1992 13:15,0.357,1.32,"112","Digital Archive","",""
11/11/1992 14:45,0.373,1.45,"112","Digital Archive","",""
22/11/1992 21:15,0.362,1.35,"112","Digital Archive","",""
02/12/1992 19:30,0.380,1.50,"112","Digital Archive","",""
07/12/1992 08:30,0.487,2.63,"112","Digital Archive","",""
12/12/1992 02:15,0.366,1.39,"112","Digital Archive","",""
11/01/1993 09:00,0.377,1.48,"112","Digital Archive","",""
13/01/1993 23:45,0.614,4.49,"113","Digital Archive","",""
10/04/1993 02:30,0.433,2.01,"112","Digital Archive","",""
25/04/1993 12:00,0.430,1.98,"112","Digital Archive","",""
15/09/1993 14:00,0.386,1.56,"112","Digital Archive","",""
28/09/1993 08:15,0.383,1.53,"112","Digital Archive","",""
13/10/1993 00:30,0.711,6.23,"113","Digital Archive","",""
14/11/1993 15:30,0.542,3.37,"112","Digital Archive","",""
26/11/1993 10:15,0.404,1.72,"112","Digital Archive","",""
30/11/1993 08:45,0.405,1.73,"112","Digital Archive","",""
13/12/1993 02:00,0.543,3.39,"112","Digital Archive","",""
21/12/1993 05:00,0.432,2.00,"112","Digital Archive","",""
28/12/1993 17:45,0.438,2.06,"112","Digital Archive","",""
02/01/1994 09:00,0.502,2.82,"112","Digital Archive","",""
05/01/1994 18:15,0.544,3.40,"112","Digital Archive","",""
12/01/1994 20:30,0.664,5.35,"113","Digital Archive","",""
03/02/1994 18:00,0.537,3.30,"112","Digital Archive","",""
26/02/1994 08:15,0.509,2.91,"112","Digital Archive","",""
01/04/1994 09:30,0.398,1.66,"112","Digital Archive","",""
08/04/1994 21:45,0.404,1.72,"112","Digital Archive","",""
13/04/1994 03:15,0.398,1.66,"112","Digital Archive","",""
22/05/1994 01:15,0.360,1.34,"112","Digital Archive","",""
18/12/1994 09:00,0.405,1.73,"112","Digital Archive","",""
28/12/1994 07:45,0.361,1.35,"112","Digital Archive","",""
11/01/1995 05:30,0.375,1.46,"112","Digital Archive","",""
26/01/1995 02:45,0.485,2.60,"112","Digital Archive","",""
28/01/1995 09:00,0.505,2.86,"112","Digital Archive","",""
11/02/1995 21:45,0.456,2.26,"112","Digital Archive","",""
09/01/1996 08:30,0.367,1.40,"112","Digital Archive","",""
12/02/1996 08:45,0.386,1.56,"112","Digital Archive","",""
20/12/1996 04:30,0.511,2.94,"112","Digital Archive","",""
19/12/1997 17:00,0.461,2.31,"112","Digital Archive","",""
24/12/1997 21:30,0.401,1.69,"112","Digital Archive","",""
03/01/1998 16:15,0.539,3.33,"112","Digital Archive","",""
19/01/1998 00:00,0.470,2.42,"112","Digital Archive","",""
06/03/1998 23:30,0.422,1.90,"112","Digital Archive","",""
11/04/1998 10:00,0.407,1.75,"112","Digital Archive","",""
20/04/1998 21:30,0.393,1.62,"112","Digital Archive","",""
14/06/1998 20:15,0.358,1.32,"112","Digital Archive","",""
24/10/1998 21:45,0.454,2.23,"112","Digital Archive","",""
03/11/1998 08:30,0.401,1.69,"112","Digital Archive","",""
08/11/1998 14:15,0.377,1.48,"112","Digital Archive","",""
14/12/1998 05:00,0.441,2.09,"112","Digital Archive","",""
26/12/1998 01:15,0.468,2.40,"112","Digital Archive","",""
04/01/1999 10:30,0.446,2.15,"112","Digital Archive","",""
16/01/1999 10:45,0.571,3.81,"113","Digital Archive","",""
09/03/1999 19:15,0.508,2.90,"112","Digital Archive","",""
20/04/1999 23:00,0.390,1.59,"112","Digital Archive","",""
11/12/1999 23:30,0.372,1.44,"112","Digital Archive","",""
25/12/1999 08:30,0.412,1.80,"112","Digital Archive","",""
28/02/2000 08:30,0.376,1.47,"112","Digital Archive","",""
04/04/2000 02:45,0.472,2.44,"112","Digital Archive","",""
12/04/2000 13:15,0.381,1.51,"112","Digital Archive","",""
19/04/2000 08:15,0.388,1.57,"112","Digital Archive","",""
28/05/2000 14:00,0.533,3.24,"112","Digital Archive","",""
30/10/2000 10:45,0.472,2.44,"112","Digital Archive","",""
02/11/2000 21:30,0.357,1.32,"112","Digital Archive","",""
07/11/2000 06:15,0.531,3.21,"112","Digital Archive","",""
24/11/2000 03:15,0.464,2.35,"112","Digital Archive","",""
25/12/2000 00:00,0.411,1.79,"112","Digital Archive","",""
01/01/2001 09:00,0.456,2.26,"112","Digital Archive","",""
04/01/2001 21:00,0.547,3.45,"112","Digital Archive","",""
24/01/2001 09:00,0.410,1.78,"112","Digital Archive","",""
05/02/2001 02:15,0.600,4.26,"113","Digital Archive","",""
21/10/2001 13:15,0.416,1.84,"112","Digital Archive","",""
26/10/2001 23:15,0.378,1.49,"112","Digital Archive","",""
09/11/2001 14:00,0.413,1.81,"112","Digital Archive","",""
05/12/2001 16:15,0.361,1.35,"112","Digital Archive","",""
26/01/2002 21:00,0.420,1.88,"112","Digital Archive","",""
04/02/2002 21:45,0.356,1.31,"112","Digital Archive","",""
26/02/2002 08:30,0.417,1.85,"112","Digital Archive","",""
03/11/2002 09:00,0.370,1.42,"112","Digital Archive","",""
06/11/2002 21:15,0.440,2.08,"112","Digital Archive","",""
09/11/2002 01:45,0.476,2.49,"112","Digital Archive","",""
14/11/2002 14:15,0.390,1.59,"112","Digital Archive","",""
01/12/2002 19:00,0.395,1.64,"112","Digital Archive","",""
04/12/2002 18:00,0.373,1.45,"112","Digital Archive","",""
16/12/2002 09:30,0.384,1.54,"112","Digital Archive","",""
22/12/2002 10:45,0.455,2.25,"112","Digital Archive","",""
30/12/2002 08:30,0.587,4.06,"113","Digital Archive","",""
01/01/2003 16:00,0.478,2.51,"112","Digital Archive","",""
19/01/2003 12:30,0.501,2.80,"112","Digital Archive","",""
29/01/2003 19:30,0.506,2.87,"112","Digital Archive","",""
02/02/2003 20:45,0.496,2.74,"112","Digital Archive","",""
06/03/2003 08:30,0.425,1.93,"112","Digital Archive","",""
30/06/2003 21:15,0.360,1.34,"112","Digital Archive","",""
20/12/2003 20:00,0.358,1.32,"112","Digital Archive","",""
31/01/2004 17:15,0.547,3.45,"112","Digital Archive","",""
19/04/2004 03:00,0.391,1.60,"112","Digital Archive","",""
29/04/2004 13:30,0.386,1.56,"112","Digital Archive","",""
24/10/2004 07:15,0.407,1.75,"112","Digital Archive","",""
18/11/2004 23:15,0.357,1.32,"112","Digital Archive","",""
31/12/2005 21:00,0.374,1.45,"112","Digital Archive","",""
15/02/2006 08:45,0.361,1.35,"112","Digital Archive","",""
22/05/2006 21:15,0.391,1.60,"112","Digital Archive","",""
18/01/2007 14:45,0.402,1.70,"112","Digital Archive","",""
11/02/2007 12:00,0.422,1.90,"112","Digital Archive","",""
05/03/2007 01:45,0.385,1.55,"112","Digital Archive","",""
15/06/2007 12:15,0.438,2.06,"112","Digital Archive","",""
20/06/2007 13:30,0.371,1.43,"112","Digital Archive","",""
25/06/2007 16:30,1.320,22.84,"113","Digital Archive","",""
03/07/2007 08:15,0.446,2.15,"112","Digital Archive","",""
21/07/2007 16:45,1.012,13.23,"113","Digital Archive","",""
26/07/2007 22:45,0.476,2.49,"112","Digital Archive","",""
20/08/2007 07:45,0.412,1.80,"112","Digital Archive","",""
08/12/2007 23:30,0.359,1.33,"112","Digital Archive","",""
12/01/2008 02:45,0.434,2.02,"112","Digital Archive","",""
16/01/2008 11:00,0.533,3.24,"112","Digital Archive","",""
21/01/2008 16:45,0.744,6.88,"113","Digital Archive","",""
16/03/2008 11:15,0.456,2.26,"112","Digital Archive","",""
02/11/2008 16:30,0.429,1.97,"112","Digital Archive","",""
10/11/2008 03:30,0.412,1.80,"112","Digital Archive","",""
25/11/2008 09:00,0.372,1.44,"112","Digital Archive","",""
04/12/2008 16:15,0.408,1.76,"112","Digital Archive","",""
14/12/2008 00:30,0.436,2.04,"112","Digital Archive","",""
19/01/2009 16:45,0.442,2.10,"112","Digital Archive","",""
22/01/2009 14:15,0.427,1.95,"112","Digital Archive","",""
03/02/2009 08:45,0.420,1.88,"112","Digital Archive","",""
10/02/2009 08:45,0.458,2.28,"112","Digital Archive","",""
29/11/2009 16:30,0.361,1.35,"112","Digital Archive","",""
06/12/2009 17:45,0.416,1.84,"112","Digital Archive","",""
16/01/2010 19:45,0.404,1.72,"112","Digital Archive","",""
23/01/2010 10:15,0.443,2.12,"112","Digital Archive","",""
27/02/2010 00:45,0.510,2.92,"112","Digital Archive","",""
21/03/2010 00:15,0.397,1.66,"112","Digital Archive","",""
11/12/2010 09:15,0.407,1.75,"112","Digital Archive","",""
16/12/2010 22:30,0.369,1.41,"112","Digital Archive","",""
26/02/2011 10:15,0.375,1.46,"112","Digital Archive","",""
04/04/2012 20:45,0.398,1.66,"112","Digital Archive","",""
29/04/2012 20:15,0.554,3.55,"113","Digital Archive","",""
21/06/2012 21:15,0.410,1.78,"112","Digital Archive","",""
24/06/2012 18:15,0.416,1.84,"112","Digital Archive","",""
29/06/2012 00:45,0.485,2.60,"112","Digital Archive","",""
21/11/2012 23:00,0.419,1.87,"112","Digital Archive","",""
25/11/2012 14:45,0.489,2.65,"112","Digital Archive","",""
07/12/2012 21:15,0.379,1.50,"112","Digital Archive","",""
15/12/2012 05:00,0.491,2.68,"112","Digital Archive","",""
21/12/2012 00:45,0.532,3.23,"112","Digital Archive","",""
24/12/2012 23:30,0.563,3.69,"113","Digital Archive","",""
27/01/2013 12:15,0.748,6.96,"113","Digital Archive","",""
14/02/2013 12:45,0.518,3.03,"112","Digital Archive","",""
10/03/2013 02:00,0.427,1.95,"112","Digital Archive","",""
26/01/2014 21:00,0.409,1.77,"112","Digital Archive","",""
12/02/2014 22:00,0.375,1.46,"112","Digital Archive","",""
27/02/2014 14:45,0.356,1.31,"112","Digital Archive","",""
29/05/2014 11:00,0.427,1.95,"112","Digital Archive","",""
10/06/2014 01:00,0.420,1.88,"112","Digital Archive","",""
10/08/2014 21:15,0.381,1.51,"112","Digital Archive","",""
14/10/2014 08:00,0.410,1.78,"112","Digital Archive","",""
25/10/2014 02:30,0.362,1.35,"112","Digital Archive","",""
27/12/2014 13:15,0.598,4.23,"113","Digital Archive","",""
01/02/2015 17:30,0.384,1.54,"112","Digital Archive","",""
23/02/2015 04:30,0.361,1.35,"112","Digital Archive","",""
03/01/2016 23:15,0.422,1.90,"112","Digital Archive","",""
07/01/2016 18:30,0.460,2.30,"112","Digital Archive","",""
11/01/2016 16:15,0.381,1.51,"112","Digital Archive","",""
04/03/2016 08:30,0.433,2.01,"112","Digital Archive","",""
09/03/2016 15:00,0.610,4.42,"113","Digital Archive","",""
16/04/2016 10:00,0.485,2.60,"112","Digital Archive","",""
22/11/2016 12:45,0.430,1.98,"112","Digital Archive","",""
02/03/2017 10:00,0.360,1.34,"112","Digital Archive","",""
08/03/2017 09:30,0.368,1.40,"112","Digital Archive","",""
18/05/2017 01:00,0.413,1.81,"112","Digital Archive","",""
29/06/2017 07:30,0.361,1.35,"112","Digital Archive","",""
13/03/2018 04:15,0.455,2.25,"112","Digital Archive","",""
02/04/2018 18:15,0.605,4.34,"113","Digital Archive","",""
10/04/2018 10:00,0.481,2.55,"112","Digital Archive","",""
13/06/2019 00:15,0.750,7.00,"113","Digital Archive","",""
29/09/2019 22:45,0.708,6.17,"113","Digital Archive","",""
15/10/2019 08:30,0.683,5.70,"113","Digital Archive","",""
26/10/2019 16:15,0.749,6.98,"113","Digital Archive","",""
08/11/2019 04:15,0.750,7.00,"113","Digital Archive","",""
11/11/2019 13:45,0.570,3.79,"113","Digital Archive","",""
14/11/2019 23:15,0.507,2.88,"112","Digital Archive","",""
27/11/2019 21:00,0.569,3.78,"113","Digital Archive","",""
12/12/2019 23:30,0.527,3.16,"112","Digital Archive","",""
20/12/2019 22:45,0.596,4.20,"113","Digital Archive","",""
09/01/2020 08:45,0.463,2.34,"112","Digital Archive","",""
12/01/2020 10:30,0.479,2.53,"112","Digital Archive","",""
16/02/2020 16:15,0.588,4.07,"113","Digital Archive","",""
24/02/2020 14:15,0.489,2.65,"112","Digital Archive","",""
28/02/2020 20:45,0.463,2.34,"112","Digital Archive","",""
14/01/2021 20:15,0.475,2.48,"112","Digital Archive","",""
19/01/2021 15:15,0.452,2.21,"112","Digital Archive","",""
07/02/2021 03:00,0.669,5.45,"113","Digital Archive","",""
