"NAME:","West Glen at Easton Wood"
"NUMBER:","31023"
"DATE","STAGE (m)","FLOW (m^3/s)","RATING","SOURCE","COMMENT","AMAX ONLY"
07/03/1972 00:00,0.265,0.57,"2a","CEHPOT 27 Feb 1987 15:56","Stage, Datum 0.00, Threshold level=0.264m",""
27/06/1973 00:00,0.320,0.91,"2a","CEHPOT 27 Feb 1987 15:56","Stage, Datum 0.00, Threshold level=0.264m",""
21/07/1973 00:00,0.360,1.24,"2b","CEHPOT 27 Feb 1987 15:56","Stage, Datum 0.00, Threshold level=0.264m",""
09/02/1974 00:00,0.269,0.59,"2a","CEHPOT 27 Feb 1987 15:56","Stage, Datum 0.00, Threshold level=0.264m",""
07/10/1974 00:00,0.397,1.60,"2b","CEHPOT 27 Feb 1987 15:56","Stage, Datum 0.00, Threshold level=0.264m",""
15/10/1974 00:00,0.275,0.62,"2a","CEHPOT 27 Feb 1987 15:56","Stage, Datum 0.00, Threshold level=0.264m",""
21/11/1974 00:00,0.430,1.96,"2b","CEHPOT 27 Feb 1987 15:56","Stage, Datum 0.00, Threshold level=0.264m",""
20/01/1975 00:00,0.289,0.71,"2a","CEHPOT 27 Feb 1987 15:56","Stage, Datum 0.00, Threshold level=0.264m",""
26/01/1975 00:00,0.327,0.96,"2a","CEHPOT 27 Feb 1987 15:56","Stage, Datum 0.00, Threshold level=0.264m",""
09/03/1975 00:00,0.530,3.31,"2c","CEHPOT 27 Feb 1987 15:56","Stage, Datum 0.00, Threshold level=0.264m",""
17/04/1975 00:00,0.312,0.86,"2a","CEHPOT 27 Feb 1987 15:56","Stage, Datum 0.00, Threshold level=0.264m",""
18/04/1975 00:00,0.518,3.13,"2c","CEHPOT 27 Feb 1987 15:56","Stage, Datum 0.00, Threshold level=0.264m",""
01/12/1975 00:00,0.184,0.23,"2a","CEHPOT 27 Feb 1987 15:56","Stage, Datum 0.00, Threshold level=0.264m",""
31/12/1976 00:00,0.334,1.02,"2b","CEHPOT 27 Feb 1987 15:56","Stage, Datum 0.00, Threshold level=0.264m",""
27/01/1977 00:00,0.368,1.32,"2b","CEHPOT 27 Feb 1987 15:56","Stage, Datum 0.00, Threshold level=0.264m",""
10/02/1977 00:00,0.367,1.31,"2b","CEHPOT 27 Feb 1987 15:56","Stage, Datum 0.00, Threshold level=0.264m",""
18/02/1977 00:00,0.295,0.74,"2a","CEHPOT 27 Feb 1987 15:56","Stage, Datum 0.00, Threshold level=0.264m",""
23/02/1977 00:00,0.299,0.77,"2a","CEHPOT 27 Feb 1987 15:56","Stage, Datum 0.00, Threshold level=0.264m",""
25/02/1977 00:00,0.423,1.88,"2b","CEHPOT 27 Feb 1987 15:56","Stage, Datum 0.00, Threshold level=0.264m",""
11/01/1978 00:00,0.326,0.96,"2a","CEHPOT 27 Feb 1987 15:56","Stage, Datum 0.00, Threshold level=0.264m",""
05/05/1978 00:00,0.385,1.48,"2b","CEHPOT 27 Feb 1987 15:56","Stage, Datum 0.00, Threshold level=0.264m",""
24/12/1978 00:00,0.348,1.14,"2b","CEHPOT 27 Feb 1987 15:56","Stage, Datum 0.00, Threshold level=0.264m",""
27/12/1978 00:00,0.280,0.65,"2a","CEHPOT 27 Feb 1987 15:56","Stage, Datum 0.00, Threshold level=0.264m",""
28/12/1978 00:00,0.391,1.54,"2b","CEHPOT 27 Feb 1987 15:56","Stage, Datum 0.00, Threshold level=0.264m",""
01/02/1979 00:00,0.350,1.15,"2b","CEHPOT 27 Feb 1987 15:56","Stage, Datum 0.00, Threshold level=0.264m",""
28/02/1979 00:00,0.297,0.76,"2a","CEHPOT 27 Feb 1987 15:56","Stage, Datum 0.00, Threshold level=0.264m",""
20/03/1979 00:00,0.270,0.60,"2a","CEHPOT 27 Feb 1987 15:56","Stage, Datum 0.00, Threshold level=0.264m",""
28/03/1979 00:00,0.265,0.57,"2a","CEHPOT 27 Feb 1987 15:56","Stage, Datum 0.00, Threshold level=0.264m",""
07/04/1979 00:00,0.325,0.95,"2a","CEHPOT 27 Feb 1987 15:56","Stage, Datum 0.00, Threshold level=0.264m",""
13/12/1979 00:00,0.375,1.38,"2b","CEHPOT 27 Feb 1987 15:56","Stage, Datum 0.00, Threshold level=0.264m",""
27/12/1979 00:00,0.335,1.03,"2b","CEHPOT 27 Feb 1987 15:56","Stage, Datum 0.00, Threshold level=0.264m",""
21/01/1980 00:00,0.286,0.69,"2a","CEHPOT 27 Feb 1987 15:56","Stage, Datum 0.00, Threshold level=0.264m",""
06/02/1980 00:00,0.281,0.66,"2a","CEHPOT 27 Feb 1987 15:56","Stage, Datum 0.00, Threshold level=0.264m",""
07/02/1980 00:00,0.295,0.74,"2a","CEHPOT 27 Feb 1987 15:56","Stage, Datum 0.00, Threshold level=0.264m",""
25/02/1980 00:00,0.359,1.23,"2b","CEHPOT 27 Feb 1987 15:56","Stage, Datum 0.00, Threshold level=0.264m",""
17/03/1980 00:00,0.360,1.24,"2b","CEHPOT 27 Feb 1987 15:56","Stage, Datum 0.00, Threshold level=0.264m",""
14/08/1980 00:00,0.775,7.82,"2c","CEHPOT 27 Feb 1987 15:56","Stage, Datum 0.00, Threshold level=0.264m, in range peak",""
16/10/1980 00:00,0.404,1.67,"2b","CEHPOT 27 Feb 1987 15:56","Stage, Datum 0.00, Threshold level=0.264m",""
15/11/1980 00:00,0.289,0.71,"2a","CEHPOT 27 Feb 1987 15:56","Stage, Datum 0.00, Threshold level=0.264m",""
10/03/1981 00:00,0.282,0.66,"2a","CEHPOT 27 Feb 1987 15:56","Stage, Datum 0.00, Threshold level=0.264m",""
13/03/1981 00:00,0.270,0.60,"2a","CEHPOT 27 Feb 1987 15:56","Stage, Datum 0.00, Threshold level=0.264m",""
14/03/1981 00:00,0.269,0.59,"2a","CEHPOT 27 Feb 1987 15:56","Stage, Datum 0.00, Threshold level=0.264m",""
26/04/1981 00:00,0.455,2.27,"2b","CEHPOT 27 Feb 1987 15:56","Stage, Datum 0.00, Threshold level=0.264m",""
21/05/1981 00:00,0.265,0.57,"2a","CEHPOT 27 Feb 1987 15:56","Stage, Datum 0.00, Threshold level=0.264m",""
01/06/1981 00:00,0.390,1.53,"2b","CEHPOT 27 Feb 1987 15:56","Stage, Datum 0.00, Threshold level=0.264m",""
26/09/1981 10:00,0.197,0.27,"2a","Digital Archive","","AMAX ONLY"
30/12/1981 17:00,0.271,0.60,"2a","Digital Archive","","AMAX ONLY"
03/01/1982 00:00,0.381,1.44,"2b","Digital Archive","",""
07/03/1982 00:45,0.317,0.89,"2a","Digital Archive","",""
15/03/1982 19:00,0.307,0.82,"2a","Digital Archive","",""
23/06/1982 14:00,0.523,3.20,"2c","Digital Archive","",""
25/06/1982 18:15,0.773,7.78,"2c","Digital Archive","in range peak, steep rise, symetrical peak",""
14/11/1982 23:00,0.241,0.45,"2a","Digital Archive","",""
09/12/1982 22:45,0.404,1.67,"2b","Digital Archive","",""
19/12/1982 16:30,0.279,0.65,"2a","Digital Archive","",""
31/01/1983 19:45,0.277,0.64,"2a","Digital Archive","",""
11/04/1983 02:45,0.445,2.14,"2b","Digital Archive","",""
20/04/1983 19:45,0.356,1.21,"2b","Digital Archive","",""
25/04/1983 10:00,0.351,1.16,"2b","Digital Archive","",""
01/05/1983 06:30,0.340,1.07,"2b","Digital Archive","",""
06/05/1983 08:45,0.302,0.79,"2a","Digital Archive","",""
18/05/1983 14:15,0.348,1.14,"2b","Digital Archive","",""
20/05/1983 16:45,0.258,0.53,"2a","Digital Archive","",""
01/06/1983 06:45,0.542,3.49,"2c","Digital Archive","",""
31/07/1983 22:30,0.243,0.46,"2a","Digital Archive","",""
21/09/1983 16:15,0.276,0.63,"2a","Digital Archive","",""
27/11/1983 04:30,0.256,0.52,"2a","Digital Archive","",""
29/01/1984 06:15,0.271,0.60,"2a","Digital Archive","",""
30/01/1984 20:30,0.325,0.95,"2a","Digital Archive","",""
01/02/1984 18:30,0.253,0.51,"2a","Digital Archive","",""
24/03/1984 14:00,0.370,1.33,"2b","Digital Archive","",""
23/11/1984 19:15,0.340,1.07,"2b","Digital Archive","",""
21/01/1985 17:45,0.368,1.32,"2b","Digital Archive","",""
29/01/1985 21:00,0.320,0.91,"2a","Digital Archive","",""
22/03/1985 10:00,0.274,0.62,"2a","Digital Archive","",""
11/04/1985 22:30,0.348,1.14,"2b","Digital Archive","",""
20/05/1985 23:00,0.289,0.71,"2a","Digital Archive","",""
07/06/1985 08:15,0.317,0.89,"2a","Digital Archive","",""
05/12/1985 15:30,0.314,0.87,"2a","Digital Archive","",""
06/12/1985 21:15,0.338,1.05,"2b","Digital Archive","",""
24/12/1985 07:00,0.281,0.66,"2a","Digital Archive","",""
10/01/1986 10:00,0.386,1.49,"2b","Digital Archive","",""
29/01/1986 22:45,0.319,0.91,"2a","Digital Archive","",""
02/02/1986 06:00,0.287,0.69,"2a","Digital Archive","",""
15/04/1986 12:45,0.383,1.46,"2b","Digital Archive","",""
16/04/1986 20:00,0.425,1.91,"2b","Digital Archive","",""
20/04/1986 09:30,0.261,0.55,"2a","Digital Archive","",""
22/04/1986 19:30,0.294,0.74,"2a","Digital Archive","",""
07/05/1986 04:45,0.315,0.88,"2a","Digital Archive","",""
20/05/1986 20:45,0.276,0.63,"2a","Digital Archive","",""
21/11/1986 00:45,0.343,1.09,"2b","Digital Archive","",""
30/12/1986 14:30,0.261,0.55,"2a","Digital Archive","",""
01/01/1987 08:30,0.279,0.65,"2a","Digital Archive","",""
22/01/1987 14:15,0.254,0.51,"2a","Digital Archive","",""
11/02/1987 23:00,0.281,0.66,"2a","Digital Archive","",""
06/03/1987 01:00,0.250,0.49,"2a","Digital Archive","",""
05/04/1987 01:45,0.299,0.77,"2a","Digital Archive","",""
07/04/1987 13:15,0.422,1.87,"2b","Digital Archive","",""
26/08/1987 17:15,0.246,0.47,"2a","Digital Archive","",""
10/10/1987 10:00,0.296,0.75,"2a","Digital Archive","",""
16/10/1987 03:30,0.355,1.20,"2b","Digital Archive","",""
21/10/1987 01:15,0.427,1.93,"2b","Digital Archive","",""
27/12/1987 08:15,0.286,0.69,"2a","Digital Archive","",""
02/01/1988 10:00,0.378,1.41,"2b","Digital Archive","",""
24/01/1988 03:45,0.496,2.82,"2b","Digital Archive","",""
25/01/1988 19:30,0.251,0.50,"2a","Digital Archive","",""
28/01/1988 11:00,0.310,0.84,"2a","Digital Archive","",""
29/01/1988 17:30,0.328,0.97,"2a","Digital Archive","",""
01/02/1988 04:15,0.294,0.74,"2a","Digital Archive","",""
15/03/1988 15:30,0.294,0.74,"2a","Digital Archive","",""
08/05/1988 19:45,0.305,0.81,"2a","Digital Archive","",""
05/04/1989 07:15,0.317,0.89,"2a","Digital Archive","",""
07/04/1989 01:30,0.251,0.50,"2a","Digital Archive","",""
14/12/1989 14:15,0.330,0.99,"2a","Digital Archive","",""
18/12/1989 20:15,0.322,0.93,"2a","Digital Archive","",""
07/02/1990 22:30,0.453,2.24,"2b","Digital Archive","",""
08/01/1991 18:00,0.259,0.54,"2a","Digital Archive","",""
10/01/1991 00:30,0.269,0.59,"2a","Digital Archive","",""
11/01/1991 13:15,0.243,0.46,"2a","Digital Archive","",""
27/02/1991 23:30,0.343,1.09,"2b","Digital Archive","",""
09/01/1992 10:45,0.366,1.30,"2b","Digital Archive","",""
30/03/1992 00:45,0.241,0.45,"2a","Digital Archive","",""
23/09/1992 04:15,0.457,2.29,"2b","Digital Archive","",""
02/10/1992 21:45,0.444,2.13,"2b","Digital Archive","",""
20/10/1992 17:15,0.320,0.91,"2a","Digital Archive","",""
25/10/1992 10:15,0.253,0.51,"2a","Digital Archive","",""
11/11/1992 06:30,0.379,1.42,"2b","Digital Archive","",""
21/11/1992 18:15,0.261,0.55,"2a","Digital Archive","",""
01/12/1992 20:15,0.286,0.69,"2a","Digital Archive","",""
06/12/1992 23:30,0.360,1.24,"2b","Digital Archive","",""
13/01/1993 16:15,0.590,4.26,"2c","Digital Archive","symetrical peak",""
27/05/1993 10:45,0.294,0.74,"2a","Digital Archive","",""
11/06/1993 17:00,0.327,0.96,"2a","Digital Archive","",""
14/06/1993 11:15,0.251,0.50,"2a","Digital Archive","",""
30/09/1993 22:00,0.279,0.65,"2a","Digital Archive","",""
07/10/1993 00:15,0.268,0.59,"2a","Digital Archive","",""
11/10/1993 23:15,0.246,0.47,"2a","Digital Archive","",""
13/10/1993 08:00,0.299,0.77,"2a","Digital Archive","",""
13/11/1993 21:15,0.353,1.18,"2b","Digital Archive","",""
08/12/1993 17:30,0.289,0.71,"2a","Digital Archive","",""
12/12/1993 14:00,0.389,1.52,"2b","Digital Archive","",""
15/12/1993 03:15,0.245,0.47,"2a","Digital Archive","",""
29/12/1993 11:15,0.315,0.88,"2a","Digital Archive","",""
02/01/1994 03:00,0.286,0.69,"2a","Digital Archive","",""
03/01/1994 17:00,0.309,0.84,"2a","Digital Archive","",""
05/01/1994 11:30,0.378,1.41,"2b","Digital Archive","",""
03/02/1994 14:45,0.307,0.82,"2a","Digital Archive","",""
26/02/1994 12:15,0.361,1.25,"2b","Digital Archive","",""
01/04/1994 02:00,0.289,0.71,"2a","Digital Archive","",""
04/04/1994 12:45,0.259,0.54,"2a","Digital Archive","",""
05/11/1994 03:30,0.343,1.09,"2b","Digital Archive","",""
10/11/1994 01:00,0.250,0.49,"2a","Digital Archive","",""
12/11/1994 13:00,0.284,0.68,"2a","Digital Archive","",""
13/12/1994 17:30,0.304,0.80,"2a","Digital Archive","",""
18/12/1994 06:15,0.246,0.47,"2a","Digital Archive","",""
26/12/1994 23:15,0.332,1.00,"2b","Digital Archive","",""
20/01/1995 01:00,0.292,0.73,"2a","Digital Archive","",""
21/01/1995 13:00,0.250,0.49,"2a","Digital Archive","",""
26/01/1995 03:30,0.453,2.24,"2b","Digital Archive","",""
28/01/1995 00:15,0.287,0.69,"2a","Digital Archive","",""
10/02/1995 12:45,0.263,0.56,"2a","Digital Archive","",""
15/02/1995 13:45,0.261,0.55,"2a","Digital Archive","",""
25/02/1995 05:15,0.251,0.50,"2a","Digital Archive","",""
03/03/1995 16:00,0.248,0.48,"2a","Digital Archive","",""
09/01/1996 07:15,0.235,0.42,"2a","Digital Archive","","AMAX ONLY"
19/12/1996 19:15,0.248,0.48,"2a","Digital Archive","",""
27/06/1997 03:15,0.276,0.63,"2a","Digital Archive","",""
03/07/1997 19:30,0.281,0.66,"2a","Digital Archive","",""
09/10/1997 03:45,0.343,1.09,"2b","Digital Archive","",""
20/11/1997 14:00,0.307,0.82,"2a","Digital Archive","",""
18/12/1997 18:15,0.269,0.59,"2a","Digital Archive","",""
02/01/1998 11:15,0.557,3.72,"2c","Digital Archive","",""
04/01/1998 20:15,0.251,0.50,"2a","Digital Archive","",""
06/01/1998 17:45,0.279,0.65,"2a","Digital Archive","",""
18/01/1998 18:30,0.291,0.72,"2a","Digital Archive","",""
06/03/1998 08:00,0.297,0.76,"2a","Digital Archive","",""
03/04/1998 03:30,0.286,0.69,"2a","Digital Archive","",""
10/04/1998 09:00,0.656,5.42,"2c","Digital Archive","trace start 1.4.",""
15/04/1998 09:00,0.254,0.51,"2a","Digital Archive","",""
28/10/1998 00:45,0.252,0.50,"2a","Digital Archive","",""
25/12/1998 16:15,0.619,4.75,"2c","Digital Archive","steep rise, longer recession",""
04/01/1999 00:30,0.286,0.69,"2a","Digital Archive","",""
16/01/1999 04:00,0.462,2.36,"2b","Digital Archive","",""
20/01/1999 08:45,0.259,0.54,"2a","Digital Archive","",""
28/01/1999 06:45,0.261,0.55,"2a","Digital Archive","",""
07/03/1999 14:45,0.331,1.00,"2b","Digital Archive","",""
10/03/1999 16:45,0.331,1.00,"2b","Digital Archive","Non-independent peak removed",""
17/04/1999 17:45,0.294,0.74,"2a","Digital Archive","",""
20/04/1999 15:45,0.326,0.90,"2a","Digital Archive","",""
02/06/1999 21:15,0.286,0.69,"2a","Digital Archive","",""
07/06/1999 11:00,0.310,0.84,"2a","Digital Archive","",""
02/10/1999 05:00,0.263,0.56,"2a","Digital Archive","",""
11/12/1999 14:15,0.273,0.61,"2a","Digital Archive","",""
25/12/1999 06:00,0.256,0.52,"2a","Digital Archive","",""
28/02/2000 01:00,0.328,0.97,"2a","Digital Archive","",""
03/04/2000 10:00,0.419,1.84,"2b","Digital Archive","",""
13/04/2000 17:15,0.333,1.01,"2b","Digital Archive","",""
17/04/2000 04:00,0.257,0.53,"2a","Digital Archive","",""
21/04/2000 14:45,0.286,0.69,"2a","Digital Archive","",""
27/05/2000 02:30,0.303,0.80,"2a","Digital Archive","",""
28/05/2000 08:30,0.430,1.96,"2b","Digital Archive","",""
09/10/2000 19:00,0.326,0.90,"2a","Digital Archive","",""
11/10/2000 03:45,0.305,0.81,"2a","Digital Archive","",""
30/10/2000 05:45,0.349,1.15,"2b","Digital Archive","",""
02/11/2000 13:30,0.250,0.49,"2a","Digital Archive","",""
06/11/2000 03:30,0.476,2.54,"2b","Digital Archive","",""
25/11/2000 16:30,0.254,0.51,"2a","Digital Archive","",""
08/12/2000 00:15,0.381,1.44,"2b","Digital Archive","",""
25/12/2000 02:15,0.277,0.64,"2a","Digital Archive","",""
01/01/2001 07:15,0.243,0.46,"2a","Digital Archive","",""
04/01/2001 12:00,0.317,0.89,"2a","Digital Archive","",""
04/02/2001 11:30,0.314,0.87,"2a","Digital Archive","",""
06/02/2001 05:00,0.268,0.59,"2a","Digital Archive","",""
12/02/2001 12:15,0.261,0.55,"2a","Digital Archive","",""
22/03/2001 23:30,0.303,0.80,"2a","Digital Archive","",""
04/04/2001 02:30,0.263,0.56,"2a","Digital Archive","",""
05/04/2001 14:30,0.291,0.72,"2a","Digital Archive","",""
06/04/2001 19:00,0.303,0.80,"2a","Digital Archive","",""
18/07/2001 07:00,0.377,1.40,"2b","Digital Archive","",""
29/09/2001 12:45,0.250,0.49,"2a","Digital Archive","",""
21/10/2001 11:30,0.358,1.22,"2b","Digital Archive","",""
23/10/2001 03:00,0.275,0.62,"2a","Digital Archive","",""
26/10/2001 15:30,0.340,1.07,"2b","Digital Archive","",""
01/12/2001 13:15,0.248,0.48,"2a","Digital Archive","",""
26/01/2002 13:00,0.442,2.11,"2b","Digital Archive","",""
15/10/2002 22:00,0.628,4.91,"2c","Digital Archive","",""
21/10/2002 11:00,0.284,0.68,"2a","Digital Archive","",""
02/11/2002 23:30,0.277,0.64,"2a","Digital Archive","",""
06/11/2002 10:30,0.414,1.78,"2b","Digital Archive","",""
08/11/2002 19:00,0.254,0.51,"2a","Digital Archive","",""
10/11/2002 11:45,0.284,0.68,"2a","Digital Archive","",""
14/11/2002 06:00,0.305,0.81,"2a","Digital Archive","",""
15/12/2002 11:15,0.263,0.56,"2a","Digital Archive","",""
22/12/2002 04:15,0.370,1.33,"2b","Digital Archive","",""
29/12/2002 19:45,0.340,1.07,"2b","Digital Archive","",""
01/01/2003 09:00,0.351,1.16,"2b","Digital Archive","",""
19/01/2003 10:00,0.354,1.19,"2b","Digital Archive","",""
05/03/2003 22:15,0.252,0.50,"2a","Digital Archive","",""
12/12/2003 17:45,0.191,0.25,"2a","Digital Archive","",""
01/01/2004 10:15,0.214,0.33,"2a","Digital Archive","",""
08/01/2004 13:15,0.223,0.37,"2a","Digital Archive","",""
19/01/2004 22:30,0.203,0.29,"2a","Digital Archive","",""
22/01/2004 14:45,0.193,0.26,"2a","Digital Archive","",""
31/01/2004 09:30,0.345,1.11,"2b","Digital Archive","",""
18/04/2004 19:45,0.443,2.12,"2b","Digital Archive","",""
29/04/2004 07:00,0.297,0.76,"2a","Digital Archive","",""
09/08/2004 19:30,0.680,5.87,"2c","Digital Archive","",""
13/08/2004 17:00,0.305,0.81,"2a","Digital Archive","",""
20/08/2004 20:30,0.229,0.39,"2a","Digital Archive","",""
23/08/2004 09:30,0.239,0.44,"2a","Digital Archive","",""
04/10/2004 10:00,0.184,0.23,"2a","Digital Archive","",""
14/10/2004 10:45,0.273,0.61,"2a","Digital Archive","",""
15/10/2004 16:30,0.229,0.39,"2a","Digital Archive","",""
20/10/2004 08:45,0.243,0.46,"2a","Digital Archive","",""
23/10/2004 18:45,0.419,1.84,"2b","Digital Archive","",""
18/11/2004 19:15,0.229,0.39,"2a","Digital Archive","",""
28/12/2004 03:15,0.184,0.23,"2a","Digital Archive","",""
20/01/2005 19:30,0.186,0.23,"2a","Digital Archive","",""
24/02/2005 18:45,0.199,0.28,"2a","Digital Archive","",""
24/10/2005 10:30,0.214,0.33,"2a","Digital Archive","",""
30/12/2005 21:15,0.230,0.40,"2a","Digital Archive","",""
10/03/2006 19:30,0.200,0.28,"2a","Digital Archive","",""
20/05/2006 06:00,0.213,0.33,"2a","Digital Archive","",""
22/05/2006 15:15,0.176,0.20,"2a","Digital Archive","",""
03/03/2007 04:00,0.337,1.04,"2b","Digital Archive","",""
04/03/2007 22:00,0.331,1.00,"2b","Digital Archive","",""
22/06/2007 16:15,0.464,2.38,"2b","Digital Archive","",""
25/06/2007 03:30,0.389,1.52,"2b","Digital Archive","",""
01/07/2007 07:15,0.341,1.08,"2b","Digital Archive","",""
02/07/2007 20:00,0.324,0.94,"2a","Digital Archive","",""
04/07/2007 21:45,0.355,1.20,"2b","Digital Archive","",""
08/07/2007 21:00,0.338,1.05,"2b","Digital Archive","",""
20/07/2007 16:15,0.555,3.69,"2c","Digital Archive","",""
11/01/2008 19:30,0.314,0.87,"2a","Digital Archive","",""
15/01/2008 23:30,0.400,1.63,"2b","Digital Archive","",""
16/03/2008 06:30,0.408,1.72,"2b","Digital Archive","",""
05/10/2008 09:30,0.306,0.82,"2a","Digital Archive","",""
02/11/2008 04:30,0.301,0.78,"2a","Digital Archive","",""
15/02/2009 15:15,0.289,0.71,"2a","Digital Archive","",""
16/01/2010 11:30,0.279,0.65,"2a","Digital Archive","","AMAX ONLY"
26/02/2011 04:00,0.234,0.42,"2a","Digital Archive","","AMAX ONLY"
29/04/2012 15:00,0.405,1.69,"2b","Digital Archive","",""
24/06/2012 10:00,0.373,1.36,"2b","Digital Archive","",""
20/07/2012 14:45,0.376,1.39,"2b","Digital Archive","",""
24/09/2012 14:15,0.309,0.84,"2a","Digital Archive","",""
01/11/2012 01:00,0.307,0.82,"2a","Digital Archive","",""
21/11/2012 13:00,0.374,1.37,"2b","Digital Archive","",""
25/11/2012 03:45,0.421,1.86,"2b","Digital Archive","",""
14/12/2012 20:45,0.332,1.01,"2b","Digital Archive","",""
20/12/2012 07:45,0.359,1.23,"2b","Digital Archive","",""
22/12/2012 13:15,0.314,0.87,"2a","Digital Archive","",""
24/12/2012 14:00,0.429,1.95,"2b","Digital Archive","",""
27/01/2013 00:45,0.496,2.81,"2b","Digital Archive","",""
14/02/2013 06:45,0.404,1.67,"2b","Digital Archive","",""
17/03/2013 14:00,0.322,0.93,"2a","Digital Archive","",""
28/10/2013 07:30,0.390,1.53,"2b","Digital Archive","",""
24/12/2013 02:45,0.305,0.81,"2a","Digital Archive","",""
12/02/2014 16:30,0.289,0.71,"2a","Digital Archive","",""
17/11/2014 05:45,0.284,0.68,"2a","Digital Archive","","AMAX ONLY"
09/03/2016 10:45,0.432,1.99,"2b","Digital Archive","",""
21/11/2016 17:00,0.456,2.28,"2b","Digital Archive","",""
30/03/2018 21:00,0.311,0.85,"2a","Digital Archive","",""
02/04/2018 10:00,0.362,1.26,"2b","Digital Archive","",""
10/04/2018 07:45,0.400,1.63,"2b","Digital Archive","",""
12/06/2019 23:00,0.334,1.02,"2b","Digital Archive","",""
14/10/2019 18:30,0.342,1.09,"2b","Digital Archive","",""
26/10/2019 13:45,0.344,1.10,"2b","Digital Archive","",""
02/11/2019 14:15,0.307,0.82,"2a","Digital Archive","",""
07/11/2019 12:15,0.385,1.48,"2b","Digital Archive","",""
14/11/2019 14:00,0.367,1.31,"2b","Digital Archive","",""
20/12/2019 17:00,0.368,1.32,"2b","Digital Archive","",""
12/01/2020 07:15,0.304,0.80,"2a","Digital Archive","",""
13/02/2020 06:45,0.303,0.80,"2a","Digital Archive","",""
16/02/2020 06:15,0.399,1.62,"2b","Digital Archive","",""
28/02/2020 16:15,0.298,0.76,"2a","Digital Archive","",""
09/07/2021 20:30,0.217,0.34,"2a","","","AMAX ONLY"
