"NAME:","Tilling Bourne at Shalford"
"NUMBER:","39029"
"DATE","STAGE (m)","FLOW (m^3/s)","RATING","SOURCE","COMMENT","AMAX ONLY"
15/09/1968 21:00,2.844,6.09,"[migrated].V12","Digital Archive","",""
13/03/1969 21:00,1.145,3.23,"[migrated].V12","Digital Archive","",""
02/08/1969 21:00,0.730,2.36,"[migrated].V12","Digital Archive","",""
14/01/1970 21:00,0.403,1.56,"[migrated].V12","Digital Archive","",""
06/04/1970 21:00,0.247,1.11,"[migrated].V12","Digital Archive","",""
15/11/1970 21:00,1.365,3.65,"[migrated].V12","Digital Archive","",""
24/01/1971 21:00,0.885,2.70,"[migrated].V12","Digital Archive","",""
19/06/1971 21:00,0.928,2.79,"[migrated].V12","Digital Archive","",""
04/08/1971 21:00,0.483,1.77,"[migrated].V12","Digital Archive","",""
06/03/1972 21:00,0.584,2.02,"[migrated].V12","Digital Archive","",""
06/12/1972 21:00,0.374,1.48,"[migrated].V12","Digital Archive","",""
10/02/1974 21:00,0.584,2.02,"[migrated].V12","Digital Archive","",""
26/06/1974 21:00,0.270,1.18,"[migrated].V12","Digital Archive","",""
27/09/1974 21:00,0.403,1.56,"[migrated].V12","Digital Archive","",""
22/11/1974 21:00,0.890,2.71,"[migrated].V12","Digital Archive","",""
27/01/1975 21:00,0.563,1.97,"[migrated].V12","Digital Archive","",""
19/04/1975 21:00,0.551,1.94,"[migrated].V12","Digital Archive","",""
14/09/1975 21:00,0.303,1.28,"[migrated].V12","Digital Archive","",""
02/12/1975 21:00,0.307,1.29,"[migrated].V12","Digital Archive","",""
01/01/1977 21:00,0.664,2.21,"[migrated].V12","Digital Archive","",""
27/08/1977 21:00,0.254,1.13,"[migrated].V12","Digital Archive","",""
28/01/1978 21:00,0.452,1.69,"[migrated].V12","Digital Archive","",""
06/05/1978 21:00,0.539,1.91,"[migrated].V12","Digital Archive","",""
07/04/1979 21:00,1.030,3.00,"[migrated].V12","Digital Archive","",""
27/12/1979 21:00,1.155,3.25,"[migrated].V12","Digital Archive","",""
01/04/1980 21:00,0.263,1.16,"[migrated].V12","Digital Archive","",""
14/06/1980 21:00,0.290,1.24,"[migrated].V12","Digital Archive","",""
16/10/1980 21:00,0.519,1.86,"[migrated].V12","Digital Archive","",""
26/05/1981 21:00,0.495,1.80,"[migrated].V12","Digital Archive","",""
19/09/1981 21:00,0.342,1.39,"[migrated].V12","Digital Archive","",""
14/12/1981 21:00,0.321,1.33,"[migrated].V12","Digital Archive","",""
09/12/1982 21:00,0.726,2.35,"[migrated].V12","Digital Archive","",""
01/06/1983 21:00,0.495,1.80,"[migrated].V12","Digital Archive","",""
24/03/1984 21:00,0.830,2.58,"[migrated].V12","Digital Archive","",""
22/05/1984 21:00,0.257,1.14,"[migrated].V12","Digital Archive","",""
21/01/1985 21:00,0.551,1.94,"[migrated].V12","Digital Archive","",""
05/07/1985 21:00,0.437,1.65,"[migrated].V12","Digital Archive","",""
26/12/1985 21:00,0.584,2.02,"[migrated].V12","Digital Archive","",""
19/11/1986 21:00,,1.37,"[migrated].V12","Digital Archive","",""
07/04/1987 21:00,0.241,1.09,"[migrated].V12","Digital Archive","",""
08/10/1987 09:30,0.271,1.18,"[migrated].V12","Digital Archive","",""
10/10/1987 22:30,0.541,5.09,"[migrated].V12","Digital Archive","",""
16/10/1987 06:45,0.272,1.67,"[migrated].V12","Digital Archive","",""
21/10/1987 03:00,0.328,2.25,"[migrated].V12","Digital Archive","",""
12/11/1987 04:45,0.269,1.64,"[migrated].V12","Digital Archive","",""
05/01/1988 22:00,0.258,1.53,"[migrated].V12","Digital Archive","",""
22/01/1988 14:00,0.285,1.23,"[migrated].V12","Digital Archive","",""
26/01/1988 14:00,0.371,2.74,"[migrated].V12","Digital Archive","",""
30/01/1988 00:15,0.505,4.54,"[migrated].V12","Digital Archive","",""
01/02/1988 10:15,0.395,3.04,"[migrated].V12","Digital Archive","",""
04/02/1988 19:45,0.309,1.30,"[migrated].V12","Digital Archive","",""
08/02/1988 07:30,0.254,1.13,"[migrated].V12","Digital Archive","",""
21/03/1988 08:45,0.291,1.24,"[migrated].V12","Digital Archive","",""
01/09/1988 21:15,0.277,1.20,"[migrated].V12","Digital Archive","",""
24/02/1989 18:15,0.282,1.22,"[migrated].V12","Digital Archive","",""
26/02/1989 04:30,0.300,1.27,"[migrated].V12","Digital Archive","",""
17/03/1989 00:15,0.277,1.20,"[migrated].V12","Digital Archive","",""
11/04/1989 13:15,0.305,1.29,"[migrated].V12","Digital Archive","",""
17/12/1989 10:30,0.309,1.30,"[migrated].V12","Digital Archive","",""
21/12/1989 04:00,0.273,1.60,"[migrated].V12","Digital Archive","",""
04/02/1990 15:45,0.674,2.23,"[migrated].V12","Digital Archive","",""
08/02/1990 14:45,0.532,1.89,"[migrated].V12","Digital Archive","",""
12/02/1990 15:00,0.346,1.40,"[migrated].V12","Digital Archive","",""
15/02/1990 08:30,0.352,1.42,"[migrated].V12","Digital Archive","",""
10/01/1991 09:00,0.308,1.29,"[migrated].V12","Digital Archive","",""
26/11/1992 14:45,0.428,1.72,"[migrated].V12","Digital Archive","",""
03/12/1992 11:15,0.403,1.56,"[migrated].V12","Digital Archive","",""
18/12/1992 18:45,0.315,1.32,"[migrated].V12","Digital Archive","",""
10/01/1993 18:00,0.409,1.58,"[migrated].V12","Digital Archive","",""
13/01/1993 17:00,0.250,1.12,"[migrated].V12","Digital Archive","",""
01/04/1993 21:45,1.025,2.99,"[migrated].V12","Digital Archive","",""
02/10/1993 23:45,0.540,1.91,"[migrated].V12","Digital Archive","",""
13/10/1993 23:15,0.343,1.39,"[migrated].V12","Digital Archive","",""
14/11/1993 12:45,0.248,1.44,"[migrated].V12","Digital Archive","",""
20/12/1993 14:00,0.295,1.25,"[migrated].V12","Digital Archive","",""
30/12/1993 18:15,0.264,1.16,"[migrated].V12","Digital Archive","",""
02/01/1994 14:30,0.293,1.15,"[migrated].V12","Digital Archive","",""
04/01/1994 17:15,0.418,1.60,"[migrated].V12","Digital Archive","",""
10/01/1994 11:15,1.126,3.19,"[migrated].V12","Digital Archive","",""
13/01/1994 01:30,0.274,1.19,"[migrated].V12","Digital Archive","",""
03/02/1994 15:45,0.344,1.40,"[migrated].V12","Digital Archive","",""
01/04/1994 07:00,0.303,1.98,"[migrated].V12","Digital Archive","",""
09/04/1994 06:30,0.257,1.52,"[migrated].V12","Digital Archive","",""
05/11/1994 06:30,0.319,1.33,"[migrated].V12","Digital Archive","",""
09/12/1994 08:00,0.516,1.85,"[migrated].V12","Digital Archive","",""
30/12/1994 05:30,0.295,1.26,"[migrated].V12","Digital Archive","",""
18/01/1995 11:00,0.284,1.22,"[migrated].V12","Digital Archive","",""
19/01/1995 21:30,0.375,1.48,"[migrated].V12","Digital Archive","",""
22/01/1995 05:00,0.459,1.71,"[migrated].V12","Digital Archive","",""
28/01/1995 09:30,0.401,1.56,"[migrated].V12","Digital Archive","",""
30/01/1995 04:30,0.389,1.52,"[migrated].V12","Digital Archive","",""
01/02/1995 22:45,0.406,1.57,"[migrated].V12","Digital Archive","",""
12/02/1995 08:00,0.301,1.27,"[migrated].V12","Digital Archive","",""
23/02/1995 06:30,0.319,1.33,"[migrated].V12","Digital Archive","",""
08/03/1995 06:15,0.305,1.29,"[migrated].V12","Digital Archive","",""
22/12/1995 23:30,0.306,1.29,"[migrated].V12","Digital Archive","",""
09/01/1996 16:30,0.497,1.81,"[migrated].V12","Digital Archive","",""
25/02/1996 20:15,0.253,1.13,"[migrated].V12","Digital Archive","",""
20/11/1996 11:45,0.325,1.34,"[migrated].V12","Digital Archive","",""
03/01/1998 22:30,0.253,1.13,"[migrated].V12","Digital Archive","",""
05/01/1998 14:30,0.338,1.38,"[migrated].V12","Digital Archive","",""
01/11/1998 11:15,0.346,1.40,"[migrated].V12","Digital Archive","",""
10/11/1998 08:15,0.292,1.25,"[migrated].V12","Digital Archive","",""
16/01/1999 20:30,0.427,1.62,"[migrated].V12","Digital Archive","",""
20/01/1999 12:00,0.407,1.57,"[migrated].V12","Digital Archive","",""
02/06/1999 13:00,0.245,1.10,"[migrated].V12","Digital Archive","",""
22/09/1999 23:45,0.254,1.13,"[migrated].V12","Digital Archive","",""
24/09/1999 13:00,0.324,1.34,"[migrated].V12","Digital Archive","",""
25/12/1999 13:15,0.587,2.03,"[migrated].V12","Digital Archive","",""
04/04/2000 12:30,0.242,1.09,"[migrated].V12","Digital Archive","",""
15/04/2000 18:00,0.244,1.10,"[migrated].V12","Digital Archive","",""
18/04/2000 22:30,0.290,1.24,"[migrated].V12","Digital Archive","",""
21/04/2000 03:30,0.244,1.10,"[migrated].V12","Digital Archive","",""
28/05/2000 08:30,0.311,1.30,"[migrated].V12","Digital Archive","",""
05/07/2000 21:30,0.344,1.40,"[migrated].V12","Digital Archive","",""
16/09/2000 01:45,0.518,1.86,"[migrated].V12","Digital Archive","",""
20/09/2000 08:45,0.247,1.11,"[migrated].V12","Digital Archive","",""
10/10/2000 13:15,0.504,1.82,"[migrated].V12","Digital Archive","",""
12/10/2000 08:45,0.296,1.26,"[migrated].V12","Digital Archive","",""
21/10/2000 14:15,0.467,1.73,"[migrated].V12","Digital Archive","",""
31/10/2000 11:15,0.920,2.77,"[migrated].V12","Digital Archive","",""
02/11/2000 22:00,0.537,1.91,"[migrated].V12","Digital Archive","",""
07/11/2000 17:30,0.999,2.94,"[migrated].V12","Digital Archive","",""
12/11/2000 14:15,0.408,1.57,"[migrated].V12","Digital Archive","",""
16/11/2000 14:30,0.310,1.30,"[migrated].V12","Digital Archive","",""
25/11/2000 21:30,0.334,1.37,"[migrated].V12","Digital Archive","",""
01/12/2000 23:00,0.564,1.97,"[migrated].V12","Digital Archive","",""
04/12/2000 21:30,0.504,1.82,"[migrated].V12","Digital Archive","",""
08/12/2000 19:15,0.625,2.12,"[migrated].V12","Digital Archive","",""
13/12/2000 12:45,0.755,2.42,"[migrated].V12","Digital Archive","",""
15/12/2000 12:45,0.374,1.48,"[migrated].V12","Digital Archive","",""
01/01/2001 18:00,0.471,1.74,"[migrated].V12","Digital Archive","",""
04/01/2001 15:45,0.561,1.96,"[migrated].V12","Digital Archive","",""
24/01/2001 07:45,0.455,1.70,"[migrated].V12","Digital Archive","",""
27/01/2001 07:15,0.483,1.77,"[migrated].V12","Digital Archive","",""
08/02/2001 17:45,0.698,2.29,"[migrated].V12","Digital Archive","",""
13/02/2001 01:00,0.580,2.01,"[migrated].V12","Digital Archive","",""
28/02/2001 22:15,0.369,1.47,"[migrated].V12","Digital Archive","",""
07/03/2001 07:15,0.354,1.43,"[migrated].V12","Digital Archive","",""
18/03/2001 05:30,0.467,1.73,"[migrated].V12","Digital Archive","",""
23/03/2001 16:30,0.488,1.78,"[migrated].V12","Digital Archive","",""
28/03/2001 16:00,0.648,2.17,"[migrated].V12","Digital Archive","",""
09/04/2001 06:15,0.420,1.61,"[migrated].V12","Digital Archive","",""
30/04/2001 06:30,0.342,1.39,"[migrated].V12","Digital Archive","",""
08/07/2001 15:00,0.277,1.20,"[migrated].V12","Digital Archive","",""
09/08/2001 23:45,0.275,1.20,"[migrated].V12","Digital Archive","",""
03/10/2001 00:15,0.318,1.32,"[migrated].V12","Digital Archive","",""
06/10/2001 16:15,0.247,1.11,"[migrated].V12","Digital Archive","",""
08/10/2001 02:45,0.619,2.10,"[migrated].V12","Digital Archive","",""
09/10/2001 22:15,0.256,1.14,"[migrated].V12","Digital Archive","",""
21/10/2001 10:45,0.283,1.22,"[migrated].V12","Digital Archive","",""
24/10/2001 10:15,0.344,1.40,"[migrated].V12","Digital Archive","",""
24/01/2002 07:45,0.263,1.16,"[migrated].V12","Digital Archive","",""
26/01/2002 22:15,0.479,1.76,"[migrated].V12","Digital Archive","",""
05/02/2002 06:45,0.547,1.93,"[migrated].V12","Digital Archive","",""
26/02/2002 16:30,0.390,1.53,"[migrated].V12","Digital Archive","",""
18/03/2002 21:45,0.468,1.73,"[migrated].V12","Digital Archive","",""
13/05/2002 23:30,0.296,1.26,"[migrated].V12","Digital Archive","",""
06/06/2002 03:30,0.337,1.38,"[migrated].V12","Digital Archive","",""
13/11/2002 03:15,0.331,1.36,"[migrated].V12","Digital Archive","",""
15/11/2002 03:00,0.472,1.74,"[migrated].V12","Digital Archive","",""
23/11/2002 11:45,0.532,1.89,"[migrated].V12","Digital Archive","",""
22/12/2002 15:15,0.461,1.71,"[migrated].V12","Digital Archive","",""
27/12/2002 07:00,0.502,1.82,"[migrated].V12","Digital Archive","",""
02/01/2003 03:00,0.711,2.32,"[migrated].V12","Digital Archive","",""
03/01/2003 22:00,0.331,1.36,"[migrated].V12","Digital Archive","",""
22/01/2003 07:45,0.614,2.09,"[migrated].V12","Digital Archive","",""
02/02/2003 00:00,0.262,1.16,"[migrated].V12","Digital Archive","",""
23/11/2003 19:30,0.494,1.80,"[migrated].V12","Digital Archive","",""
26/11/2003 15:15,0.309,1.30,"[migrated].V12","Digital Archive","",""
08/01/2004 20:15,0.325,1.34,"[migrated].V12","Digital Archive","",""
13/01/2004 08:30,0.339,1.38,"[migrated].V12","Digital Archive","",""
02/02/2004 08:30,0.313,1.31,"[migrated].V12","Digital Archive","",""
05/05/2004 03:15,0.312,1.31,"[migrated].V12","Digital Archive","",""
25/10/2004 14:15,0.243,1.10,"[migrated].V12","Digital Archive","",""
03/12/2005 03:30,0.278,1.20,"[migrated].V12","Digital Archive","",""
11/10/2006 18:15,0.305,1.29,"[migrated].V12","Digital Archive","",""
24/10/2006 10:15,0.392,1.53,"[migrated].V12","Digital Archive","",""
03/12/2006 21:45,0.246,1.11,"[migrated].V12","Digital Archive","",""
06/12/2006 05:45,0.251,1.12,"[migrated].V12","Digital Archive","",""
07/12/2006 22:45,0.418,1.60,"[migrated].V12","Digital Archive","",""
12/12/2006 07:45,0.286,1.23,"[migrated].V12","Digital Archive","",""
30/12/2006 23:15,0.246,1.11,"[migrated].V12","Digital Archive","",""
18/01/2007 04:30,0.274,1.19,"[migrated].V12","Digital Archive","",""
14/02/2007 20:30,0.319,1.33,"[migrated].V12","Digital Archive","",""
25/02/2007 09:45,0.291,1.24,"[migrated].V12","Digital Archive","",""
06/03/2007 08:30,0.510,1.84,"[migrated].V12","Digital Archive","",""
07/03/2007 23:30,0.256,1.14,"[migrated].V12","Digital Archive","",""
20/07/2007 15:30,0.490,1.79,"[migrated].V12","Digital Archive","",""
08/08/2007 05:30,0.359,1.44,"[migrated].V12","Digital Archive","",""
20/11/2007 11:00,0.402,1.56,"[migrated].V12","Digital Archive","",""
22/11/2007 07:45,0.407,1.57,"[migrated].V12","Digital Archive","",""
11/01/2008 16:15,0.304,1.28,"[migrated].V12","Digital Archive","",""
16/01/2008 07:00,0.575,2.00,"[migrated].V12","Digital Archive","",""
10/03/2008 19:15,0.407,1.57,"[migrated].V12","Digital Archive","",""
17/03/2008 06:30,0.261,1.15,"[migrated].V12","Digital Archive","",""
29/03/2008 05:15,0.256,1.14,"[migrated].V12","Digital Archive","",""
30/04/2008 19:45,0.301,1.27,"[migrated].V12","Digital Archive","",""
26/05/2008 22:45,0.275,1.20,"[migrated].V12","Digital Archive","",""
06/09/2008 10:30,0.307,1.29,"[migrated].V12","Digital Archive","",""
11/11/2008 14:45,0.447,1.68,"[migrated].V12","Digital Archive","",""
14/12/2008 09:00,0.689,2.27,"[migrated].V12","Digital Archive","",""
19/01/2009 19:45,0.322,1.33,"[migrated].V12","Digital Archive","",""
23/01/2009 13:45,0.523,1.87,"[migrated].V12","Digital Archive","",""
25/01/2009 19:30,0.417,1.60,"[migrated].V12","Digital Archive","",""
10/02/2009 08:45,0.543,1.92,"[migrated].V12","Digital Archive","",""
04/03/2009 11:00,0.312,1.31,"[migrated].V12","Digital Archive","",""
14/11/2009 17:00,0.405,1.57,"[migrated].V12","Digital Archive","",""
22/11/2009 16:00,0.250,1.12,"[migrated].V12","Digital Archive","",""
30/11/2009 05:00,0.518,1.86,"[migrated].V12","Digital Archive","",""
03/12/2009 03:45,0.343,1.39,"[migrated].V12","Digital Archive","",""
06/12/2009 22:45,0.302,1.28,"[migrated].V12","Digital Archive","",""
30/12/2009 07:45,0.258,1.14,"[migrated].V12","Digital Archive","",""
17/01/2010 06:30,0.517,1.86,"[migrated].V12","Digital Archive","",""
23/01/2010 08:30,0.343,1.39,"[migrated].V12","Digital Archive","",""
17/02/2010 06:30,0.276,1.20,"[migrated].V12","Digital Archive","",""
22/02/2010 23:30,0.374,1.48,"[migrated].V12","Digital Archive","",""
26/02/2010 07:00,0.443,1.67,"[migrated].V12","Digital Archive","",""
28/02/2010 20:30,0.557,1.96,"[migrated].V12","Digital Archive","",""
04/04/2010 07:30,0.295,1.26,"[migrated].V12","Digital Archive","",""
03/10/2010 08:45,0.485,1.78,"[migrated].V12","Digital Archive","",""
09/11/2010 13:45,0.360,1.44,"[migrated].V12","Digital Archive","",""
08/01/2011 08:00,0.353,1.42,"[migrated].V12","Digital Archive","",""
11/01/2011 08:00,0.311,1.30,"[migrated].V12","Digital Archive","",""
18/01/2011 05:45,0.468,1.73,"[migrated].V12","Digital Archive","",""
25/04/2012 23:00,0.456,1.70,"[migrated].V12","Digital Archive","",""
29/04/2012 19:45,0.468,1.73,"[migrated].V12","Digital Archive","",""
12/06/2012 00:15,0.459,1.71,"[migrated].V12","Digital Archive","",""
09/07/2012 03:00,0.257,1.14,"[migrated].V12","Digital Archive","",""
05/11/2012 06:00,0.352,1.42,"[migrated].V12","Digital Archive","",""
23/11/2012 09:15,0.258,1.14,"[migrated].V12","Digital Archive","",""
26/11/2012 09:45,0.328,1.35,"[migrated].V12","Digital Archive","",""
15/12/2012 07:00,0.376,1.49,"[migrated].V12","Digital Archive","",""
20/12/2012 23:15,0.488,1.78,"[migrated].V12","Digital Archive","",""
23/12/2012 01:15,0.452,1.69,"[migrated].V12","Digital Archive","",""
25/12/2012 23:15,0.664,2.21,"[migrated].V12","Digital Archive","",""
27/12/2012 09:30,0.342,1.39,"[migrated].V12","Digital Archive","",""
01/01/2013 06:00,0.285,1.23,"[migrated].V12","Digital Archive","",""
27/01/2013 21:00,0.352,1.42,"[migrated].V12","Digital Archive","",""
30/01/2013 18:00,0.303,1.28,"[migrated].V12","Digital Archive","",""
11/02/2013 06:45,0.360,1.44,"[migrated].V12","Digital Archive","",""
19/03/2013 08:30,0.354,1.43,"[migrated].V12","Digital Archive","",""
23/03/2013 15:00,0.339,1.38,"[migrated].V12","Digital Archive","",""
28/10/2013 11:15,0.384,1.51,"[migrated].V12","Digital Archive","",""
04/11/2013 20:45,0.263,1.16,"[migrated].V12","Digital Archive","",""
17/12/2013 12:30,0.273,1.19,"[migrated].V12","Digital Archive","",""
19/12/2013 16:15,0.293,1.25,"[migrated].V12","Digital Archive","",""
22/12/2013 04:00,0.386,1.51,"[migrated].V12","Digital Archive","",""
25/12/2013 03:30,1.158,3.26,"[migrated].V12","Digital Archive","",""
27/12/2013 21:45,0.425,1.62,"[migrated].V12","Digital Archive","",""
02/01/2014 09:00,0.730,2.36,"[migrated].V12","Digital Archive","",""
17/01/2014 21:00,0.628,2.13,"[migrated].V12","Digital Archive","",""
22/01/2014 10:45,0.451,1.69,"[migrated].V12","Digital Archive","",""
01/02/2014 17:15,0.636,2.14,"[migrated].V12","Digital Archive","",""
08/02/2014 21:00,0.724,2.35,"[migrated].V12","Digital Archive","",""
15/02/2014 07:15,0.630,2.13,"[migrated].V12","Digital Archive","",""
03/03/2014 07:45,0.506,1.83,"[migrated].V12","Digital Archive","",""
06/03/2014 18:00,0.299,1.27,"[migrated].V12","Digital Archive","",""
22/04/2014 13:30,0.368,1.46,"[migrated].V12","Digital Archive","",""
27/04/2014 22:15,0.328,1.35,"[migrated].V12","Digital Archive","",""
02/05/2014 03:00,0.277,1.20,"[migrated].V12","Digital Archive","",""
28/05/2014 08:45,0.274,1.19,"[migrated].V12","Digital Archive","",""
14/06/2014 19:45,0.328,1.35,"[migrated].V12","Digital Archive","",""
28/07/2014 17:15,0.268,1.17,"[migrated].V12","Digital Archive","",""
10/08/2014 10:45,0.269,1.18,"[migrated].V12","Digital Archive","",""
26/08/2014 13:45,0.327,1.35,"[migrated].V12","Digital Archive","",""
13/10/2014 16:45,0.343,1.39,"[migrated].V12","Digital Archive","",""
09/11/2014 12:15,0.264,1.16,"[migrated].V12","Digital Archive","",""
14/11/2014 21:45,0.329,1.35,"[migrated].V12","Digital Archive","",""
23/11/2014 19:15,0.486,1.78,"[migrated].V12","Digital Archive","",""
26/11/2014 14:45,0.271,1.18,"[migrated].V12","Digital Archive","",""
27/12/2014 09:00,0.256,1.14,"[migrated].V12","Digital Archive","",""
08/01/2015 23:45,0.344,1.40,"[migrated].V12","Digital Archive","",""
15/01/2015 16:45,0.443,1.67,"[migrated].V12","Digital Archive","",""
25/08/2015 05:00,0.294,1.25,"[migrated].V12","Digital Archive","",""
04/01/2016 00:30,0.445,1.67,"[migrated].V12","Digital Archive","",""
07/01/2016 22:45,0.386,1.51,"[migrated].V12","Digital Archive","",""
11/01/2016 12:45,0.501,1.82,"[migrated].V12","Digital Archive","",""
27/01/2016 18:45,0.285,1.23,"[migrated].V12","Digital Archive","",""
08/02/2016 09:00,0.406,1.57,"[migrated].V12","Digital Archive","",""
09/03/2016 20:15,0.404,1.56,"[migrated].V12","Digital Archive","",""
28/03/2016 11:30,0.573,1.99,"[migrated].V12","Digital Archive","",""
16/04/2016 08:00,0.261,1.15,"[migrated].V12","Digital Archive","",""
11/05/2016 19:00,0.340,1.39,"[migrated].V12","Digital Archive","",""
23/06/2016 15:15,0.508,1.83,"[migrated].V12","Digital Archive","",""
16/09/2016 07:45,0.281,1.21,"[migrated].V12","Digital Archive","",""
20/11/2016 08:30,0.469,1.73,"[migrated].V12","Digital Archive","",""
13/01/2017 06:30,0.294,1.25,"[migrated].V12","Digital Archive","",""
10/08/2017 04:15,0.310,1.30,"[migrated].V12","Digital Archive","",""
11/12/2017 17:30,0.272,1.19,"[migrated].V12","Digital Archive","",""
27/12/2017 14:15,0.300,1.27,"[migrated].V12","Digital Archive","",""
29/12/2017 13:45,0.241,1.09,"[migrated].V12","Digital Archive","",""
25/01/2018 06:30,0.282,1.22,"[migrated].V12","Digital Archive","",""
28/03/2018 18:45,0.270,1.18,"[migrated].V12","Digital Archive","",""
11/04/2018 11:00,0.243,1.10,"[migrated].V12","Digital Archive","",""
15/10/2018 14:30,0.322,1.33,"[migrated].V12","Digital Archive","",""
11/11/2018 09:45,0.442,1.66,"[migrated].V12","Digital Archive","",""
09/02/2019 06:45,0.254,1.13,"[migrated].V12","Digital Archive","",""
04/03/2019 11:30,0.244,1.10,"[migrated].V12","Digital Archive","",""
11/06/2019 01:45,0.375,1.48,"[migrated].V12","Digital Archive","",""
14/11/2019 14:45,0.374,1.48,"[migrated].V12","Digital Archive","",""
27/11/2019 14:45,0.284,1.22,"[migrated].V12","Digital Archive","",""
13/12/2019 09:00,0.383,1.51,"[migrated].V12","Digital Archive","",""
22/12/2019 10:00,0.632,2.13,"[migrated].V12","Digital Archive","",""
10/01/2020 06:15,0.274,1.19,"[migrated].V12","Digital Archive","",""
15/01/2020 17:15,0.585,2.02,"[migrated].V12","Digital Archive","",""
28/01/2020 02:30,0.246,1.11,"[migrated].V12","Digital Archive","",""
02/02/2020 15:30,0.254,1.13,"[migrated].V12","Digital Archive","",""
10/02/2020 03:00,0.386,1.51,"[migrated].V12","Digital Archive","",""
13/02/2020 21:45,0.470,1.74,"[migrated].V12","Digital Archive","",""
17/02/2020 11:15,0.800,2.52,"[migrated].V12","Digital Archive","",""
29/02/2020 13:15,0.431,1.63,"[migrated].V12","Digital Archive","",""
06/03/2020 00:45,0.619,2.10,"[migrated].V12","Digital Archive","",""
30/04/2020 15:45,0.280,1.21,"[migrated].V12","Digital Archive","",""
03/10/2020 14:30,0.528,1.88,"[migrated].V12","Digital Archive","",""
21/10/2020 17:45,0.315,1.31,"[migrated].V12","Digital Archive","",""
25/10/2020 20:30,0.325,1.34,"[migrated].V12","Digital Archive","",""
31/10/2020 21:45,0.285,1.23,"[migrated].V12","Digital Archive","",""
15/11/2020 20:15,0.462,1.72,"[migrated].V12","Digital Archive","",""
03/12/2020 22:45,0.332,1.36,"[migrated].V12","Digital Archive","",""
14/12/2020 19:00,0.322,1.33,"[migrated].V12","Digital Archive","",""
20/12/2020 07:15,0.287,1.23,"[migrated].V12","Digital Archive","",""
27/12/2020 19:15,0.423,1.61,"[migrated].V12","Digital Archive","",""
06/01/2021 15:30,0.328,1.35,"[migrated].V12","Digital Archive","",""
16/01/2021 17:00,0.257,1.14,"[migrated].V12","Digital Archive","",""
21/01/2021 07:30,0.478,1.76,"[migrated].V12","Digital Archive","",""
28/01/2021 12:15,0.499,1.81,"[migrated].V12","Digital Archive","",""
05/02/2021 13:00,0.483,1.77,"[migrated].V12","Digital Archive","",""
17/05/2021 00:00,0.269,1.18,"[migrated].V12","Digital Archive","",""
24/05/2021 19:30,0.317,1.32,"[migrated].V12","Digital Archive","",""
18/06/2021 19:15,0.333,1.37,"[migrated].V12","Digital Archive","",""
02/08/2021 10:30,0.251,1.12,"[migrated].V12","Digital Archive","",""
07/08/2021 17:45,0.385,1.51,"[migrated].V12","Digital Archive","",""
10/08/2021 00:30,0.259,1.15,"[migrated].V12","Digital Archive","",""
