"NAME:","Ravensbourne at Catford Hill"
"NUMBER:","39056"
"DATE","STAGE (m)","FLOW (m^3/s)","RATING","SOURCE","COMMENT","AMAX ONLY"
18/01/1975 00:00,,10.45,"Rated_Section3","FEH","",""
20/01/1975 00:00,,11.75,"Rated_Section3","FEH","",""
28/01/1975 00:00,,8.72,"Rated_Section3","FEH","",""
18/04/1975 00:00,,11.89,"Rated_Section3","FEH","",""
16/05/1975 00:00,,16.98,"Rated_Section3","FEH","",""
13/09/1975 00:00,,15.17,"Rated_Section3","FEH","",""
26/09/1975 00:00,,11.96,"Rated_Section3","FEH","",""
28/11/1975 00:00,,10.07,"Rated_Section3","FEH","",""
20/07/1976 00:00,,13.99,"Rated_Section3","FEH","",""
03/10/1976 00:00,,10.42,"Rated_Section3","FEH","",""
12/11/1976 00:00,,9.05,"Rated_Section3","FEH","",""
30/11/1976 00:00,,9.56,"Rated_Section3","FEH","",""
01/01/1977 00:00,,10.14,"Rated_Section3","FEH","",""
13/01/1977 00:00,,10.10,"Rated_Section3","FEH","",""
12/06/1977 00:00,,14.28,"Rated_Section3","FEH","",""
13/06/1977 00:00,,22.07,"Rated_Section3","FEH","",""
16/08/1977 00:00,,13.08,"Rated_Section3","FEH","",""
27/08/1977 00:00,,13.37,"Rated_Section3","FEH","",""
21/10/1977 00:00,,9.15,"Rated_Section3","FEH","",""
07/11/1977 00:00,,9.66,"Rated_Section3","FEH","",""
09/12/1977 00:00,,9.83,"Rated_Section3","FEH","",""
26/12/1977 00:00,,10.24,"Rated_Section3","FEH","",""
11/01/1978 00:00,,11.47,"Rated_Section3","FEH","",""
27/01/1978 00:00,,11.93,"Rated_Section3","FEH","",""
24/02/1978 00:00,,9.86,"Rated_Section3","FEH","",""
05/05/1978 00:00,,9.83,"Rated_Section3","FEH","",""
23/06/1978 00:00,,8.56,"Rated_Section3","FEH","",""
08/07/1978 00:00,,9.56,"Rated_Section3","FEH","",""
31/07/1978 00:00,,15.85,"Rated_Section3","FEH","",""
02/08/1978 00:00,,10.17,"Rated_Section3","FEH","",""
12/12/1978 00:00,,13.15,"Rated_Section3","FEH","",""
09/03/1979 00:00,,8.75,"Rated_Section3","FEH","",""
07/04/1979 00:00,,8.70,"Rated_Section3","FEH","",""
23/04/1979 00:00,,10.07,"Rated_Section3","FEH","",""
01/05/1979 00:00,,9.73,"Rated_Section3","FEH","",""
27/05/1979 00:00,,9.79,"Rated_Section3","FEH","",""
09/08/1979 00:00,,9.05,"Rated_Section3","FEH","",""
09/10/1979 00:00,,17.75,"Rated_Section3","FEH","",""
09/12/1979 00:00,,9.83,"Rated_Section3","FEH","",""
27/12/1979 00:00,,12.18,"Rated_Section3","FEH","",""
24/06/1980 00:00,,10.52,"Rated_Section3","FEH","",""
26/07/1980 00:00,,12.18,"Rated_Section3","FEH","",""
15/10/1980 00:00,,12.97,"Rated_Section3","FEH","",""
30/03/1981 00:00,,8.70,"Rated_Section3","FEH","",""
27/05/1981 00:00,,8.70,"Rated_Section3","FEH","",""
21/07/1981 00:00,,12.28,"Rated_Section3","FEH","",""
22/07/1981 00:00,,10.24,"Rated_Section3","FEH","",""
31/07/1981 00:00,,9.38,"Rated_Section3","FEH","",""
06/08/1981 00:00,,21.51,"Rated_Section3","FEH","",""
06/08/1981 06:00,,10.62,"Rated_Section3","FEH","",""
20/09/1981 00:00,,11.04,"Rated_Section3","FEH","",""
20/10/1981 00:00,,15.29,"Rated_Section3","FEH","",""
14/12/1981 00:00,,10.69,"Rated_Section3","FEH","",""
27/05/1982 00:00,,12.18,"Rated_Section3","FEH","",""
22/06/1982 00:00,,10.42,"Rated_Section3","FEH","",""
24/09/1982 00:00,,13.88,"Rated_Section3","FEH","",""
14/10/1982 00:00,,13.26,"Rated_Section3","FEH","",""
22/10/1982 00:00,,9.42,"Rated_Section3","FEH","",""
09/12/1982 00:00,,10.49,"Rated_Section3","FEH","",""
14/12/1982 00:00,,8.59,"Rated_Section3","FEH","",""
18/04/1983 00:00,,9.05,"Rated_Section3","FEH","",""
27/04/1983 00:00,,13.26,"Rated_Section3","FEH","",""
15/05/1983 00:00,,11.93,"Rated_Section3","FEH","",""
16/05/1983 00:00,,8.75,"Rated_Section3","FEH","",""
01/06/1983 00:00,,16.72,"Rated_Section3","FEH","",""
06/07/1983 00:00,,18.44,"Rated_Section3","FEH","",""
21/11/1983 00:00,,11.18,"Rated_Section3","FEH","",""
20/12/1983 00:00,,9.01,"Rated_Section3","FEH","",""
21/12/1983 00:00,,10.38,"Rated_Section3","FEH","",""
23/01/1984 00:00,0.693,8.84,"Rated_Section2","Hydpeaks","",""
03/02/1984 00:00,0.409,2.91,"Rated_Section2","Hydpeaks","",""
23/03/1984 00:00,0.681,8.51,"Rated_Section2","Hydpeaks","",""
11/04/1984 00:00,0.534,5.06,"Rated_Section2","Hydpeaks","",""
21/05/1984 00:00,0.699,9.01,"Rated_Section3","Hydpeaks","",""
17/06/1984 00:00,0.661,7.97,"Rated_Section2","Hydpeaks","",""
23/07/1984 00:00,0.521,4.80,"Rated_Section2","Hydpeaks","",""
15/08/1984 00:00,0.453,3.59,"Rated_Section2","Hydpeaks","",""
20/09/1984 00:00,0.736,10.29,"Rated_Section3","Hydpeaks","",""
05/10/1984 00:00,0.907,16.49,"Rated_Section3","Hydpeaks","",""
22/11/1984 00:00,0.814,13.03,"Rated_Section3","Hydpeaks","",""
05/12/1984 00:00,0.594,6.35,"Rated_Section2","Hydpeaks","",""
26/05/1985 15:30,0.731,10.10,"Rated_Section3","Digital Archive","",""
04/06/1985 16:15,0.786,12.03,"Rated_Section3","Digital Archive","",""
26/12/1985 03:30,0.754,10.90,"Rated_Section3","Digital Archive","",""
03/08/1986 16:00,0.903,16.34,"Rated_Section3","Digital Archive","",""
25/08/1986 22:00,0.740,10.42,"Rated_Section3","Digital Archive","",""
04/06/1987 17:30,0.784,11.96,"Rated_Section3","Digital Archive","",""
25/08/1987 11:30,0.737,10.31,"Rated_Section3","Digital Archive","",""
07/10/1987 22:00,0.799,12.50,"Rated_Section3","Digital Archive","",""
15/10/1987 23:00,0.728,10.00,"Rated_Section3","Digital Archive","",""
20/10/1987 23:45,0.783,11.93,"Rated_Section3","Digital Archive","",""
27/01/1988 22:00,0.791,12.21,"Rated_Section3","Digital Archive","",""
29/01/1988 16:00,0.729,10.04,"Rated_Section3","Digital Archive","",""
09/10/1988 07:00,0.710,9.38,"Rated_Section3","Digital Archive","",""
16/03/1989 19:00,0.706,9.25,"Rated_Section3","Digital Archive","",""
11/04/1989 13:30,0.703,9.15,"Rated_Section3","Digital Archive","",""
06/06/1989 16:45,0.759,11.08,"Rated_Section3","Digital Archive","",""
10/08/1989 10:30,0.737,10.31,"Rated_Section3","Digital Archive","",""
14/08/1989 01:15,0.707,9.28,"Rated_Section3","Digital Archive","",""
14/12/1989 05:15,0.729,10.04,"Rated_Section3","Digital Archive","",""
20/12/1989 18:15,0.749,10.73,"Rated_Section3","Digital Archive","",""
23/01/1990 13:00,0.708,9.32,"Rated_Section3","Digital Archive","",""
03/02/1990 10:45,0.822,13.33,"Rated_Section3","Digital Archive","",""
25/12/1990 12:30,0.814,13.04,"Rated_Section3","Digital Archive","",""
31/07/1991 01:45,0.815,13.08,"Rated_Section3","Digital Archive","",""
01/08/1991 16:00,0.834,13.77,"Rated_Section3","Digital Archive","",""
03/11/1991 03:15,0.772,11.54,"Rated_Section3","Digital Archive","",""
19/11/1991 12:30,0.817,13.15,"Rated_Section3","Digital Archive","",""
01/05/1992 03:15,0.701,9.08,"Rated_Section3","Digital Archive","",""
09/05/1992 12:15,0.707,9.28,"Rated_Section3","Digital Archive","",""
30/05/1992 02:45,0.841,14.03,"Rated_Section3","Digital Archive","",""
09/06/1992 16:30,1.204,28.39,"Rated_Section3","Digital Archive","",""
19/06/1992 16:30,0.705,9.22,"Rated_Section3","Digital Archive","",""
21/07/1992 00:45,0.769,11.43,"Rated_Section3","Digital Archive","",""
10/08/1992 02:30,0.724,9.86,"Rated_Section3","Digital Archive","",""
25/08/1992 04:00,0.825,13.44,"Rated_Section3","Digital Archive","",""
20/10/1992 06:30,0.863,14.84,"Rated_Section3","Digital Archive","",""
25/11/1992 22:00,0.855,14.54,"Rated_Section3","Digital Archive","",""
03/12/1992 11:30,0.776,11.68,"Rated_Section3","Digital Archive","",""
01/04/1993 11:00,0.799,12.50,"Rated_Section3","Digital Archive","",""
16/06/1993 13:15,0.734,10.21,"Rated_Section3","Digital Archive","",""
22/09/1993 19:45,0.817,13.15,"Rated_Section3","Digital Archive","",""
01/10/1993 14:45,0.755,10.94,"Rated_Section3","Digital Archive","",""
02/10/1993 10:45,1.030,21.27,"Rated_Section3","Digital Archive","",""
30/12/1993 17:00,0.713,9.49,"Rated_Section3","Digital Archive","",""
06/01/1994 17:30,0.707,9.28,"Rated_Section3","Digital Archive","",""
10/01/1994 02:45,0.719,9.69,"Rated_Section3","Digital Archive","",""
08/04/1994 19:45,0.749,10.73,"Rated_Section3","Digital Archive","",""
04/07/1994 05:45,0.710,9.38,"Rated_Section3","Digital Archive","",""
11/08/1994 10:00,0.824,13.40,"Rated_Section3","Digital Archive","",""
08/12/1994 12:45,0.832,13.70,"Rated_Section3","Digital Archive","",""
19/01/1995 15:00,0.763,11.22,"Rated_Section3","Digital Archive","",""
21/01/1995 15:15,0.898,16.15,"Rated_Section3","Digital Archive","",""
29/01/1995 21:15,0.759,11.08,"Rated_Section3","Digital Archive","",""
22/02/1995 20:30,0.730,10.07,"Rated_Section3","Digital Archive","",""
04/06/1995 11:45,0.839,13.95,"Rated_Section3","Digital Archive","",""
26/07/1995 11:45,0.873,15.21,"Rated_Section3","Digital Archive","",""
15/09/1995 14:00,0.728,10.00,"Rated_Section3","Digital Archive","",""
20/12/1995 02:15,0.882,15.55,"Rated_Section3","Digital Archive","",""
22/12/1995 21:30,0.774,11.61,"Rated_Section3","Digital Archive","",""
23/08/1996 02:45,0.793,12.28,"Rated_Section3","Digital Archive","",""
19/11/1996 13:00,0.757,11.01,"Rated_Section3","Digital Archive","",""
24/02/1997 22:15,0.797,12.43,"Rated_Section3","Digital Archive","",""
22/06/1997 10:45,0.873,15.21,"Rated_Section3","Digital Archive","",""
26/07/1997 14:00,0.721,9.76,"Rated_Section3","Digital Archive","",""
06/08/1997 18:30,0.710,9.38,"Rated_Section3","Digital Archive","",""
10/10/1997 01:00,0.858,14.65,"Rated_Section3","Digital Archive","",""
01/08/1998 16:45,0.903,16.34,"Rated_Section3","Digital Archive","",""
04/09/1998 23:15,0.704,9.18,"Rated_Section3","Digital Archive","",""
31/10/1998 20:15,0.700,9.05,"Rated_Section3","Digital Archive","",""
10/11/1998 06:30,0.741,10.45,"Rated_Section3","Digital Archive","",""
16/01/1999 06:15,0.724,9.86,"Rated_Section3","Digital Archive","",""
29/05/1999 18:45,0.726,9.93,"Rated_Section3","Digital Archive","",""
02/06/1999 05:15,0.757,11.01,"Rated_Section3","Digital Archive","",""
04/08/1999 23:00,0.795,12.36,"Rated_Section3","Digital Archive","",""
08/08/1999 10:30,0.745,10.59,"Rated_Section3","Digital Archive","",""
24/12/1999 21:00,0.769,11.43,"Rated_Section3","Digital Archive","",""
28/05/2000 05:15,0.768,11.40,"Rated_Section3","Digital Archive","",""
05/07/2000 01:45,0.721,9.76,"Rated_Section3","Digital Archive","",""
09/07/2000 18:00,0.741,10.45,"Rated_Section3","Digital Archive","",""
15/09/2000 14:15,0.930,17.36,"Rated_Section3","Digital Archive","",""
09/10/2000 20:15,0.912,16.68,"Rated_Section3","Digital Archive","",""
20/10/2000 22:45,0.756,10.97,"Rated_Section3","Digital Archive","",""
30/10/2000 07:30,0.851,14.39,"Rated_Section3","Digital Archive","",""
02/11/2000 11:00,0.886,15.70,"Rated_Section3","Digital Archive","",""
06/11/2000 04:30,0.736,10.28,"Rated_Section3","Digital Archive","",""
08/02/2001 10:15,0.742,10.49,"Rated_Section3","Digital Archive","",""
12/02/2001 16:15,0.807,12.79,"Rated_Section3","Digital Archive","",""
23/03/2001 09:00,0.717,9.62,"Rated_Section3","Digital Archive","",""
02/05/2001 12:45,0.732,10.14,"Rated_Section3","Digital Archive","",""
13/07/2001 16:45,0.711,9.42,"Rated_Section3","Digital Archive","",""
07/10/2001 17:45,0.828,13.55,"Rated_Section3","Digital Archive","",""
21/10/2001 10:30,0.760,11.11,"Rated_Section3","Digital Archive","",""
08/11/2001 05:00,0.739,10.38,"Rated_Section3","Digital Archive","",""
03/02/2002 22:45,0.786,12.03,"Rated_Section3","Digital Archive","",""
18/03/2002 12:00,0.728,10.00,"Rated_Section3","Digital Archive","",""
03/05/2002 19:30,0.745,10.59,"Rated_Section3","Digital Archive","",""
05/06/2002 19:30,0.834,13.77,"Rated_Section3","Digital Archive","",""
31/07/2002 15:15,0.802,12.61,"Rated_Section3","Digital Archive","",""
07/08/2002 18:45,0.711,9.42,"Rated_Section3","Digital Archive","",""
20/08/2002 17:15,1.019,20.83,"Rated_Section3","Digital Archive","",""
22/11/2002 21:30,0.748,10.69,"Rated_Section3","Digital Archive","",""
30/12/2002 16:30,0.932,17.44,"Rated_Section3","Digital Archive","",""
01/01/2003 08:15,0.736,10.28,"Rated_Section3","Digital Archive","",""
21/01/2003 23:00,0.715,9.56,"Rated_Section3","Digital Archive","",""
17/06/2003 16:30,0.742,10.49,"Rated_Section3","Digital Archive","",""
23/11/2003 14:00,0.774,11.61,"Rated_Section3","Digital Archive","",""
08/01/2004 10:15,0.768,11.40,"Rated_Section3","Digital Archive","",""
27/04/2004 17:00,0.741,10.45,"Rated_Section3","Digital Archive","",""
07/07/2004 21:45,0.705,9.22,"Rated_Section3","Digital Archive","",""
19/08/2004 04:00,0.736,10.28,"Rated_Section3","Digital Archive","",""
23/08/2004 11:15,0.789,12.14,"Rated_Section3","Digital Archive","",""
20/10/2004 23:00,0.714,9.52,"Rated_Section3","Digital Archive","",""
17/12/2004 12:45,0.732,10.14,"Rated_Section3","Digital Archive","",""
18/08/2006 02:30,0.702,9.11,"Rated_Section3","Digital Archive","",""
20/07/2007 12:00,0.879,15.43,"Rated_Section3","Digital Archive","",""
10/03/2008 08:15,0.729,10.04,"Rated_Section3","Digital Archive","",""
26/05/2008 08:00,0.702,9.11,"Rated_Section3","Digital Archive","",""
28/05/2008 02:15,0.709,9.35,"Rated_Section3","Digital Archive","",""
12/08/2008 07:00,0.775,11.64,"Rated_Section3","Digital Archive","",""
10/11/2008 15:15,0.751,10.80,"Rated_Section3","Digital Archive","",""
23/01/2009 04:00,0.789,12.14,"Rated_Section3","Digital Archive","",""
10/02/2009 00:30,0.734,10.21,"Rated_Section3","Digital Archive","",""
15/06/2009 21:00,0.804,12.68,"Rated_Section3","Digital Archive","",""
07/07/2009 18:00,0.740,10.42,"Rated_Section3","Digital Archive","",""
06/08/2009 19:45,0.895,16.04,"Rated_Section3","Digital Archive","",""
20/09/2009 00:15,0.821,13.30,"Rated_Section3","Digital Archive","",""
13/11/2009 13:45,0.704,9.17,"Rated_Section3","Digital Archive","",""
14/11/2009 10:15,0.712,9.45,"Rated_Section3","Digital Archive","",""
28/02/2010 10:00,0.703,9.15,"Rated_Section3","Digital Archive","",""
23/08/2010 01:45,0.815,13.08,"Rated_Section3","Digital Archive","",""
25/08/2010 21:00,0.936,17.59,"Rated_Section3","Digital Archive","",""
03/10/2010 00:30,0.756,10.96,"Rated_Section3","Digital Archive","",""
23/10/2010 06:15,0.834,13.78,"Rated_Section3","Digital Archive","",""
17/01/2011 11:00,0.746,10.62,"Rated_Section3","Digital Archive","",""
18/01/2011 02:15,0.702,9.11,"Rated_Section3","Digital Archive","",""
05/06/2011 18:00,0.722,9.79,"Rated_Section3","Digital Archive","",""
04/11/2011 07:00,0.713,9.49,"Rated_Section3","Digital Archive","",""
01/01/2012 16:45,0.757,11.01,"Rated_Section3","Digital Archive","",""
03/01/2012 13:15,0.710,9.38,"Rated_Section3","Digital Archive","",""
01/05/2012 05:45,0.758,11.04,"Rated_Section3","Digital Archive","",""
03/06/2012 02:00,0.816,13.11,"Rated_Section3","Digital Archive","",""
11/06/2012 01:15,0.745,10.59,"Rated_Section3","Digital Archive","",""
08/07/2012 10:30,0.909,16.56,"Rated_Section3","Digital Archive","",""
23/09/2012 14:30,0.751,10.80,"Rated_Section3","Digital Archive","",""
24/09/2012 11:30,0.718,9.66,"Rated_Section3","Digital Archive","",""
23/11/2012 01:30,0.723,9.83,"Rated_Section3","Digital Archive","",""
25/12/2012 11:45,0.862,14.80,"Rated_Section3","Digital Archive","",""
24/12/2013 05:15,0.938,17.67,"Rated_Section3","Digital Archive","",""
07/01/2014 11:45,0.740,10.42,"Rated_Section3","Digital Archive","",""
17/01/2014 08:00,0.733,10.17,"Rated_Section3","Digital Archive","",""
28/01/2014 23:15,0.725,9.90,"Rated_Section3","Digital Archive","",""
12/02/2014 15:15,0.710,9.38,"Rated_Section3","Digital Archive","",""
14/02/2014 15:45,0.742,10.49,"Rated_Section3","Digital Archive","",""
02/03/2014 23:00,0.771,11.50,"Rated_Section3","Digital Archive","",""
25/07/2014 13:45,0.775,11.64,"Rated_Section3","Digital Archive","",""
10/08/2014 11:00,0.799,12.50,"Rated_Section3","Digital Archive","",""
24/07/2015 17:15,0.733,10.17,"Rated_Section3","Digital Archive","",""
24/08/2015 15:15,0.709,9.35,"Rated_Section3","Digital Archive","",""
16/09/2015 17:30,0.713,9.49,"Rated_Section3","Digital Archive","",""
22/09/2015 09:15,0.847,14.25,"Rated_Section3","Digital Archive","",""
03/01/2016 15:00,0.711,9.42,"Rated_Section3","Digital Archive","",""
08/02/2016 00:45,0.798,12.46,"Rated_Section3","Digital Archive","",""
28/03/2016 01:15,0.758,11.04,"Rated_Section3","Digital Archive","",""
11/05/2016 00:45,0.728,10.00,"Rated_Section3","Digital Archive","",""
31/05/2016 09:30,0.752,10.83,"Rated_Section3","Digital Archive","",""
23/06/2016 02:15,0.923,17.10,"Rated_Section3","Digital Archive","",""
23/06/2016 17:45,0.709,9.35,"Rated_Section3","Digital Archive","",""
20/11/2016 06:30,0.730,10.07,"Rated_Section3","Digital Archive","",""
12/01/2017 17:45,0.715,9.56,"Rated_Section3","Digital Archive","",""
17/05/2017 04:00,0.798,12.46,"Rated_Section3","Digital Archive","",""
06/06/2017 09:15,0.759,11.08,"Rated_Section3","Digital Archive","",""
27/06/2017 21:15,0.706,9.25,"Rated_Section3","Digital Archive","",""
30/07/2017 03:00,0.729,10.04,"Rated_Section3","Digital Archive","",""
09/08/2017 18:15,0.757,11.01,"Rated_Section3","Digital Archive","",""
24/01/2018 15:00,0.730,10.07,"Rated_Section3","Digital Archive","",""
24/05/2018 03:15,0.762,11.18,"Rated_Section3","Digital Archive","",""
26/05/2018 23:30,0.844,14.14,"Rated_Section3","Digital Archive","",""
29/05/2018 15:00,0.816,13.11,"Rated_Section3","Digital Archive","",""
31/07/2018 05:45,0.743,10.53,"Rated_Section3","Digital Archive","",""
23/09/2018 09:45,0.730,10.07,"Rated_Section3","Digital Archive","",""
15/10/2018 00:15,0.798,12.46,"Rated_Section3","Digital Archive","",""
11/11/2018 07:45,0.731,10.10,"Rated_Section3","Digital Archive","",""
10/06/2019 23:30,0.948,18.06,"Rated_Section3","Digital Archive","",""
12/06/2019 16:45,0.726,9.93,"Rated_Section3","Digital Archive","",""
15/12/2019 00:45,0.727,9.97,"Rated_Section3","Digital Archive","",""
20/12/2019 07:00,0.747,10.66,"Rated_Section3","Digital Archive","",""
21/12/2019 09:45,0.739,10.38,"Rated_Section3","Digital Archive","",""
22/12/2019 00:15,0.729,10.04,"Rated_Section3","Digital Archive","",""
16/02/2020 15:15,0.792,12.25,"Rated_Section3","Digital Archive","",""
17/06/2020 13:00,0.739,10.38,"Rated_Section3","Digital Archive","",""
24/08/2020 18:45,0.757,11.01,"Rated_Section3","Digital Archive","",""
27/08/2020 19:30,0.802,12.61,"Rated_Section3","Digital Archive","",""
03/10/2020 05:15,0.745,10.60,"Rated_Section3","Digital Archive","",""
24/10/2020 20:00,0.749,10.70,"Rated_Section3","Digital Archive","",""
14/01/2021 10:00,0.730,10.10,"Rated_Section3","Digital Archive","",""
18/06/2021 08:15,0.701,9.08,"Rated_Section3","Digital Archive","",""
27/06/2021 22:30,0.874,15.20,"Rated_Section3","Digital Archive","",""
28/07/2021 19:45,0.771,11.50,"Rated_Section3","Digital Archive","",""
07/08/2021 07:30,0.702,9.11,"Rated_Section3","Digital Archive","",""
