"NAME:","Ravensbourne at Bromley South"
"NUMBER:","39134"
"DATE","STAGE (m)","FLOW (m^3/s)","RATING","SOURCE","COMMENT","AMAX ONLY"
17/05/1993 17:45,0.510,2.23,"SETEL_RATING2","Digital Archive","",""
09/09/1993 05:45,0.705,4.17,"SETEL_RATING2","Digital Archive","",""
22/09/1993 18:45,0.588,2.95,"SETEL_RATING2","Digital Archive","",""
30/09/1993 17:45,0.530,2.41,"SETEL_RATING2","Digital Archive","",""
02/10/1993 08:15,0.796,5.24,"SETEL_RATING2","Digital Archive","",""
02/10/1993 16:15,0.451,1.75,"SETEL_RATING2","Digital Archive","",""
04/07/1994 04:30,0.675,3.84,"SETEL_RATING2","Digital Archive","",""
10/08/1994 21:30,0.920,6.86,"SETEL_RATING2","Digital Archive","",""
11/08/1994 08:45,0.861,6.07,"SETEL_RATING2","Digital Archive","",""
08/12/1994 12:15,0.598,3.04,"SETEL_RATING2","Digital Archive","",""
19/01/1995 16:15,0.531,2.42,"SETEL_RATING2","Digital Archive","",""
21/01/1995 14:15,0.626,3.32,"SETEL_RATING2","Digital Archive","",""
04/06/1995 11:15,0.478,1.96,"SETEL_RATING2","Digital Archive","",""
26/07/1995 10:45,0.635,3.41,"SETEL_RATING2","Digital Archive","",""
17/09/1995 13:45,0.630,3.36,"SETEL_RATING2","Digital Archive","",""
20/12/1995 01:45,0.500,2.15,"SETEL_RATING2","Digital Archive","",""
22/12/1995 20:30,0.486,2.03,"SETEL_RATING2","Digital Archive","",""
23/08/1996 02:15,0.653,3.60,"SETEL_RATING2","Digital Archive","",""
04/11/1996 07:00,0.568,2.75,"SETEL_RATING2","Digital Archive","",""
19/11/1996 12:30,0.470,1.90,"SETEL_RATING2","Digital Archive","",""
22/06/1997 10:00,0.792,5.19,"SETEL_RATING2","Digital Archive","",""
26/06/1997 13:45,0.485,2.02,"SETEL_RATING2","Digital Archive","",""
26/07/1997 13:45,0.454,1.77,"SETEL_RATING2","Digital Archive","",""
06/08/1997 19:15,0.524,2.35,"SETEL_RATING2","Digital Archive","",""
13/08/1997 01:45,0.710,4.22,"SETEL_RATING2","Digital Archive","",""
10/10/1997 00:15,0.809,5.40,"SETEL_RATING2","Digital Archive","",""
05/11/1997 14:15,0.497,2.12,"SETEL_RATING2","Digital Archive","",""
20/05/1998 21:15,0.515,2.27,"SETEL_RATING2","Digital Archive","",""
01/08/1998 15:00,0.717,4.30,"SETEL_RATING2","Digital Archive","",""
31/10/1998 19:30,0.465,1.86,"SETEL_RATING2","Digital Archive","",""
10/11/1998 06:00,0.463,1.84,"SETEL_RATING2","Digital Archive","",""
16/01/1999 05:45,0.478,1.96,"SETEL_RATING2","Digital Archive","",""
26/01/1999 17:15,0.475,1.94,"SETEL_RATING2","Digital Archive","",""
02/06/1999 04:30,0.628,3.34,"SETEL_RATING2","Digital Archive","",""
04/08/1999 22:15,0.487,2.04,"SETEL_RATING2","Digital Archive","",""
20/09/1999 03:15,0.459,1.81,"SETEL_RATING2","Digital Archive","",""
24/09/1999 11:30,0.528,2.39,"SETEL_RATING2","Digital Archive","",""
24/12/1999 20:30,0.502,2.16,"SETEL_RATING2","Digital Archive","",""
05/07/2000 00:30,0.563,2.71,"SETEL_RATING2","Digital Archive","",""
09/07/2000 17:00,0.476,1.95,"SETEL_RATING2","Digital Archive","",""
15/09/2000 13:15,0.788,5.14,"SETEL_RATING2","Digital Archive","",""
15/09/2000 20:15,0.614,3.20,"SETEL_RATING2","Digital Archive","",""
09/10/2000 19:15,0.697,4.08,"SETEL_RATING2","Digital Archive","",""
28/10/2000 17:15,0.501,2.15,"SETEL_RATING2","Digital Archive","",""
30/10/2000 08:15,0.530,2.41,"SETEL_RATING2","Digital Archive","",""
02/11/2000 10:15,0.637,3.44,"SETEL_RATING2","Digital Archive","",""
06/11/2000 00:30,0.467,1.87,"SETEL_RATING2","Digital Archive","",""
12/02/2001 15:45,0.587,2.94,"SETEL_RATING2","Digital Archive","",""
02/05/2001 11:00,0.454,1.77,"SETEL_RATING2","Digital Archive","",""
17/07/2001 20:30,0.475,1.94,"SETEL_RATING2","Digital Archive","",""
07/10/2001 17:30,0.497,2.12,"SETEL_RATING2","Digital Archive","",""
21/10/2001 09:45,0.535,2.45,"SETEL_RATING2","Digital Archive","",""
08/11/2001 04:00,0.489,2.05,"SETEL_RATING2","Digital Archive","",""
03/05/2002 18:15,0.554,2.62,"SETEL_RATING2","Digital Archive","",""
05/06/2002 18:45,0.539,2.49,"SETEL_RATING2","Digital Archive","",""
31/07/2002 15:30,0.578,2.85,"SETEL_RATING2","Digital Archive","",""
20/08/2002 16:30,0.802,5.31,"SETEL_RATING2","Digital Archive","",""
30/12/2002 12:30,0.618,3.24,"SETEL_RATING2","Digital Archive","",""
01/05/2003 07:00,0.458,1.80,"SETEL_RATING2","Digital Archive","",""
17/06/2003 15:30,0.794,5.21,"SETEL_RATING2","Digital Archive","",""
22/09/2003 16:15,0.638,3.45,"SETEL_RATING2","Digital Archive","",""
08/01/2004 09:45,0.485,2.02,"SETEL_RATING2","Digital Archive","",""
15/01/2004 22:15,0.562,2.70,"SETEL_RATING2","Digital Archive","",""
23/01/2004 23:15,0.459,1.81,"SETEL_RATING2","Digital Archive","",""
27/04/2004 16:00,0.820,5.54,"SETEL_RATING2","Digital Archive","",""
03/08/2004 14:00,0.593,2.99,"SETEL_RATING2","Digital Archive","",""
18/08/2004 00:45,0.555,2.63,"SETEL_RATING2","Digital Archive","",""
19/08/2004 02:45,0.470,1.90,"SETEL_RATING2","Digital Archive","",""
23/08/2004 11:30,0.596,3.02,"SETEL_RATING2","Digital Archive","",""
19/08/2005 06:30,0.659,3.67,"SETEL_RATING2","Digital Archive","",""
10/09/2005 18:30,0.502,2.16,"SETEL_RATING2","Digital Archive","",""
13/08/2006 16:45,0.466,1.87,"SETEL_RATING2","Digital Archive","",""
18/08/2006 01:30,0.650,3.57,"SETEL_RATING2","Digital Archive","",""
13/09/2006 22:45,0.547,2.56,"SETEL_RATING2","Digital Archive","",""
06/10/2006 10:15,0.552,2.61,"SETEL_RATING2","Digital Archive","",""
24/10/2006 04:30,0.463,1.84,"SETEL_RATING2","Digital Archive","",""
07/12/2006 06:15,0.477,1.95,"SETEL_RATING2","Digital Archive","",""
25/02/2007 01:45,0.454,1.77,"SETEL_RATING2","Digital Archive","",""
07/05/2007 13:15,0.505,2.19,"SETEL_RATING2","Digital Archive","",""
12/05/2007 01:00,0.471,1.91,"SETEL_RATING2","Digital Archive","",""
20/07/2007 11:15,0.895,6.52,"SETEL_RATING2","Digital Archive","",""
26/05/2008 08:30,0.500,2.14,"SETEL_RATING2","Digital Archive","",""
28/05/2008 01:30,0.477,1.95,"SETEL_RATING2","Digital Archive","",""
12/08/2008 06:15,0.569,2.76,"SETEL_RATING2","Digital Archive","",""
10/11/2008 14:30,0.489,2.05,"SETEL_RATING2","Digital Archive","",""
23/01/2009 03:30,0.499,2.14,"SETEL_RATING2","Digital Archive","",""
07/06/2009 06:15,0.478,1.96,"SETEL_RATING2","Digital Archive","",""
15/06/2009 20:15,0.503,2.17,"SETEL_RATING2","Digital Archive","",""
07/07/2009 17:15,0.764,4.85,"SETEL_RATING2","Digital Archive","",""
16/07/2009 21:00,0.590,2.97,"SETEL_RATING2","Digital Archive","",""
06/08/2009 19:15,0.747,4.65,"SETEL_RATING2","Digital Archive","",""
19/09/2009 23:15,0.456,1.79,"SETEL_RATING2","Digital Archive","",""
14/11/2009 09:30,0.541,2.50,"SETEL_RATING2","Digital Archive","",""
02/12/2009 18:45,0.454,1.77,"SETEL_RATING2","Digital Archive","",""
23/08/2010 01:00,0.573,2.80,"SETEL_RATING2","Digital Archive","",""
25/08/2010 20:15,0.770,4.92,"SETEL_RATING2","Digital Archive","",""
23/10/2010 05:30,0.571,2.78,"SETEL_RATING2","Digital Archive","",""
05/06/2011 17:00,0.574,2.81,"SETEL_RATING2","Digital Archive","",""
06/06/2011 00:30,0.474,1.93,"SETEL_RATING2","Digital Archive","",""
03/11/2011 16:30,0.570,2.77,"SETEL_RATING2","Digital Archive","",""
04/11/2011 07:30,0.467,1.87,"SETEL_RATING2","Digital Archive","",""
01/01/2012 16:00,0.494,2.10,"SETEL_RATING2","Digital Archive","",""
01/05/2012 04:45,0.455,1.78,"SETEL_RATING2","Digital Archive","",""
11/06/2012 00:30,0.458,1.80,"SETEL_RATING2","Digital Archive","",""
08/07/2012 00:45,0.676,3.85,"SETEL_RATING2","Digital Archive","",""
08/07/2012 09:45,0.764,4.85,"SETEL_RATING2","Digital Archive","",""
23/09/2012 13:45,0.455,1.78,"SETEL_RATING2","Digital Archive","",""
25/12/2012 11:00,0.456,1.79,"SETEL_RATING2","Digital Archive","",""
17/03/2013 18:45,0.489,2.05,"SETEL_RATING2","Digital Archive","",""
24/12/2013 03:45,0.821,5.55,"SETEL_RATING2","Digital Archive","",""
07/01/2014 11:00,0.484,2.01,"SETEL_RATING2","Digital Archive","",""
17/01/2014 07:15,0.454,1.77,"SETEL_RATING2","Digital Archive","",""
28/01/2014 22:15,0.455,1.78,"SETEL_RATING2","Digital Archive","",""
14/02/2014 15:00,0.451,1.75,"SETEL_RATING2","Digital Archive","",""
30/06/2014 13:15,0.517,2.29,"SETEL_RATING2","Digital Archive","",""
10/08/2014 10:15,0.598,3.04,"SETEL_RATING2","Digital Archive","",""
24/07/2015 16:30,0.467,1.87,"SETEL_RATING2","Digital Archive","",""
02/09/2015 19:00,0.581,2.88,"SETEL_RATING2","Digital Archive","",""
22/09/2015 08:30,0.673,3.82,"SETEL_RATING2","Digital Archive","",""
06/10/2015 09:30,0.452,1.75,"SETEL_RATING2","Digital Archive","",""
04/11/2015 06:45,0.493,2.09,"SETEL_RATING2","Digital Archive","",""
08/02/2016 00:15,0.528,2.39,"SETEL_RATING2","Digital Archive","",""
28/03/2016 00:15,0.481,1.99,"SETEL_RATING2","Digital Archive","",""
11/06/2016 13:15,0.477,1.95,"SETEL_RATING2","Digital Archive","",""
23/06/2016 01:45,0.881,6.34,"SETEL_RATING2","Digital Archive","",""
17/05/2017 03:00,0.535,2.45,"SETEL_RATING2","Digital Archive","",""
27/06/2017 20:00,0.679,3.88,"SETEL_RATING2","Digital Archive","",""
30/07/2017 02:00,0.496,2.11,"SETEL_RATING2","Digital Archive","",""
09/08/2017 17:30,0.473,1.92,"SETEL_RATING2","Digital Archive","",""
24/01/2018 14:15,0.475,1.94,"SETEL_RATING2","Digital Archive","",""
24/05/2018 02:00,0.540,2.50,"SETEL_RATING2","Digital Archive","",""
26/05/2018 22:30,0.841,5.81,"SETEL_RATING2","Digital Archive","",""
29/05/2018 14:00,0.668,3.76,"SETEL_RATING2","Digital Archive","",""
31/07/2018 05:00,0.471,1.91,"SETEL_RATING2","Digital Archive","",""
15/10/2018 00:00,0.488,2.05,"SETEL_RATING2","Digital Archive","",""
10/06/2019 22:15,0.896,6.54,"SETEL_RATING2","Digital Archive","",""
12/06/2019 16:00,0.649,3.56,"SETEL_RATING2","Digital Archive","",""
12/08/2019 16:15,0.481,1.99,"SETEL_RATING2","Digital Archive","",""
06/10/2019 06:15,0.454,1.77,"SETEL_RATING2","Digital Archive","",""
17/10/2019 18:30,0.643,3.50,"SETEL_RATING2","Digital Archive","",""
15/12/2019 00:00,0.460,1.82,"SETEL_RATING2","Digital Archive","",""
20/12/2019 06:45,0.472,1.91,"SETEL_RATING2","Digital Archive","",""
21/12/2019 08:45,0.512,2.25,"SETEL_RATING2","Digital Archive","",""
21/12/2019 23:45,0.456,1.79,"SETEL_RATING2","Digital Archive","",""
16/02/2020 08:30,0.502,2.16,"SETEL_RATING2","Digital Archive","",""
17/06/2020 12:00,0.487,2.04,"SETEL_RATING2","Digital Archive","",""
24/08/2020 18:00,0.576,2.83,"SETEL_RATING2","Digital Archive","",""
27/08/2020 19:00,0.641,3.48,"SETEL_RATING2","Digital Archive","",""
15/11/2020 07:30,0.512,2.25,"SETEL_RATING2","Digital Archive","",""
18/06/2021 07:15,0.651,3.58,"SETEL_RATING2","Digital Archive","",""
27/06/2021 21:30,0.846,5.87,"SETEL_RATING2","Digital Archive","",""
20/07/2021 17:15,0.666,3.75,"SETEL_RATING2","Digital Archive","",""
28/07/2021 19:00,0.526,2.37,"SETEL_RATING2","Digital Archive","",""
07/08/2021 06:30,0.469,1.89,"SETEL_RATING2","Digital Archive","",""
