"NAME:","Hexden Channel at Hopemill"
"NUMBER:","40021"
"DATE","STAGE (m)","FLOW (m^3/s)","RATING","SOURCE","COMMENT","AMAX ONLY"
11/02/1974 14:00,2.091,18.16,"0040[migrated]3","Digital Archive","",""
15/02/1974 11:30,1.992,16.20,"0040[migrated]3","Digital Archive","",""
06/09/1974 18:15,1.444,7.69,"0040[migrated]3","Digital Archive","",""
19/10/1974 04:45,1.617,9.97,"0040[migrated]3","Digital Archive","",""
14/11/1974 10:00,2.244,21.45,"0040[migrated]3","Digital Archive","",""
18/11/1974 18:00,1.496,8.34,"0040[migrated]3","Digital Archive","",""
22/11/1974 12:15,2.236,21.27,"0040[migrated]3","Digital Archive","",""
26/12/1974 06:45,1.452,7.79,"0040[migrated]3","Digital Archive","",""
27/09/1981 02:30,0.988,3.30,"0040[migrated]3","Digital Archive","","AMAX ONLY"
14/12/1981 09:00,1.501,8.40,"0040[migrated]3","Digital Archive","",""
25/11/1982 05:30,2.509,27.97,"0040[migrated]3","Digital Archive","",""
10/12/1982 02:45,1.697,11.15,"0040[migrated]3","Digital Archive","",""
23/01/1984 18:45,1.538,8.88,"0040[migrated]3","Digital Archive","",""
29/03/1984 00:15,1.585,9.52,"0040[migrated]3","Digital Archive","",""
31/01/1990 09:45,1.489,8.25,"0040[migrated]3","Digital Archive","",""
03/02/1990 15:15,1.545,8.98,"0040[migrated]3","Digital Archive","",""
07/02/1990 17:45,1.504,8.44,"0040[migrated]3","Digital Archive","",""
09/01/1991 01:45,1.629,10.14,"0040[migrated]3","Digital Archive","",""
01/05/1992 09:45,1.064,3.88,"0040[migrated]3","Digital Archive","","AMAX ONLY"
26/11/1992 01:00,2.074,17.81,"0040[migrated]3","Digital Archive","",""
02/12/1992 17:00,1.639,10.29,"0040[migrated]3","Digital Archive","",""
10/01/1993 19:00,1.788,12.58,"0040[migrated]3","Digital Archive","",""
19/12/1993 07:30,1.968,15.74,"0040[migrated]3","Digital Archive","",""
20/12/1993 14:30,1.466,7.96,"0040[migrated]3","Digital Archive","",""
30/12/1993 19:15,2.543,28.88,"0040[migrated]3","Digital Archive","",""
03/02/1994 15:45,1.704,11.25,"0040[migrated]3","Digital Archive","",""
08/12/1994 18:00,2.114,18.63,"0040[migrated]3","Digital Archive","",""
29/12/1994 06:45,1.450,7.76,"0040[migrated]3","Digital Archive","",""
19/01/1995 20:00,1.775,12.37,"0040[migrated]3","Digital Archive","",""
21/01/1995 19:15,1.864,13.87,"0040[migrated]3","Digital Archive","",""
22/01/1995 21:00,1.758,12.10,"0040[migrated]3","Digital Archive","",""
26/01/1995 12:30,1.930,15.04,"0040[migrated]3","Digital Archive","",""
27/01/1995 23:15,1.484,8.19,"0040[migrated]3","Digital Archive","",""
07/03/1995 23:15,1.908,14.64,"0040[migrated]3","Digital Archive","",""
12/02/1996 12:30,1.335,6.44,"0040[migrated]3","Digital Archive","","AMAX ONLY"
25/02/1997 02:30,1.167,4.76,"0040[migrated]3","Digital Archive","","AMAX ONLY"
18/12/1997 17:00,1.888,14.29,"0040[migrated]3","Digital Archive","",""
02/01/1998 03:30,1.510,8.52,"0040[migrated]3","Digital Archive","",""
03/01/1998 14:45,1.484,8.19,"0040[migrated]3","Digital Archive","",""
05/01/1998 14:45,1.535,8.84,"0040[migrated]3","Digital Archive","",""
24/10/1998 22:15,1.440,7.64,"0040[migrated]3","Digital Archive","",""
26/12/1998 03:45,1.454,7.81,"0040[migrated]3","Digital Archive","",""
24/12/1999 23:15,2.488,27.41,"0040[migrated]3","Digital Archive","",""
04/04/2000 14:15,1.636,10.24,"0040[migrated]3","Digital Archive","",""
28/05/2000 11:15,2.343,23.76,"0040[migrated]3","Digital Archive","",""
12/10/2000 11:00,2.540,28.80,"0040[migrated]3","Digital Archive","",""
30/10/2000 10:30,2.453,26.50,"0040[migrated]3","Digital Archive","",""
06/11/2000 02:30,2.482,27.26,"0040[migrated]3","Digital Archive","",""
12/11/2000 11:00,1.443,7.68,"0040[migrated]3","Digital Archive","",""
01/12/2000 15:00,1.525,8.71,"0040[migrated]3","Digital Archive","",""
13/12/2000 02:30,1.660,10.59,"0040[migrated]3","Digital Archive","",""
05/01/2001 09:30,2.218,20.87,"0040[migrated]3","Digital Archive","",""
27/01/2001 04:15,1.605,9.80,"0040[migrated]3","Digital Archive","",""
08/03/2001 16:30,1.581,9.47,"0040[migrated]3","Digital Archive","",""
23/03/2001 11:15,1.659,10.58,"0040[migrated]3","Digital Archive","",""
02/05/2001 15:15,1.440,7.64,"0040[migrated]3","Digital Archive","",""
27/01/2002 01:00,1.700,11.19,"0040[migrated]3","Digital Archive","",""
04/02/2002 23:45,1.441,7.65,"0040[migrated]3","Digital Archive","",""
26/02/2002 09:15,1.583,9.49,"0040[migrated]3","Digital Archive","",""
14/11/2002 11:00,1.798,12.75,"0040[migrated]3","Digital Archive","",""
22/12/2002 10:30,1.480,8.14,"0040[migrated]3","Digital Archive","",""
26/12/2002 12:00,1.437,7.61,"0040[migrated]3","Digital Archive","",""
30/12/2002 18:45,1.898,14.46,"0040[migrated]3","Digital Archive","",""
02/01/2003 16:00,2.026,16.86,"0040[migrated]3","Digital Archive","",""
20/01/2003 16:15,1.754,12.03,"0040[migrated]3","Digital Archive","",""
28/12/2003 06:15,2.389,24.89,"0040[migrated]3","Digital Archive","",""
12/01/2004 18:15,1.465,7.95,"0040[migrated]3","Digital Archive","",""
02/02/2004 00:45,1.538,8.88,"0040[migrated]3","Digital Archive","",""
30/06/2004 15:30,1.443,7.68,"0040[migrated]3","Digital Archive","",""
02/03/2005 20:15,0.915,2.79,"0040[migrated]3","Digital Archive","","AMAX ONLY"
20/02/2006 10:30,1.136,4.48,"0040[migrated]3","Digital Archive","","AMAX ONLY"
24/10/2006 05:45,1.735,11.74,"0040[migrated]3","Digital Archive","",""
07/12/2006 14:00,1.894,14.39,"0040[migrated]3","Digital Archive","",""
06/03/2007 11:30,1.619,10.00,"0040[migrated]3","Digital Archive","",""
21/08/2007 21:30,1.910,14.67,"0040[migrated]3","Digital Archive","",""
11/01/2008 16:15,1.733,11.70,"0040[migrated]3","Digital Archive","",""
15/01/2008 15:00,2.482,27.26,"0040[migrated]3","Digital Archive","",""
10/03/2008 22:15,1.471,8.02,"0040[migrated]3","Digital Archive","",""
19/01/2009 14:00,1.592,9.62,"0040[migrated]3","Digital Archive","",""
23/01/2009 08:00,2.147,19.32,"0040[migrated]3","Digital Archive","",""
10/02/2009 00:15,2.024,16.81,"0040[migrated]3","Digital Archive","",""
30/11/2009 15:45,2.030,16.93,"0040[migrated]3","Digital Archive","",""
03/12/2009 05:15,1.764,12.19,"0040[migrated]3","Digital Archive","",""
22/02/2010 15:15,1.816,13.05,"0040[migrated]3","Digital Archive","",""
25/02/2010 23:45,1.537,8.87,"0040[migrated]3","Digital Archive","",""
28/02/2010 14:45,1.926,14.97,"0040[migrated]3","Digital Archive","",""
06/01/2011 21:00,1.402,7.19,"0040[migrated]3","Digital Archive","","AMAX ONLY"
10/05/2012 13:45,1.375,6.88,"0040[migrated]3","Digital Archive","","AMAX ONLY"
22/12/2012 16:00,1.486,8.21,"0040[migrated]3","Digital Archive","",""
01/01/2013 00:45,1.678,10.86,"0040[migrated]3","Digital Archive","",""
27/01/2013 13:00,1.472,8.04,"0040[migrated]3","Digital Archive","",""
24/12/2013 13:45,1.759,12.11,"0040[migrated]3","Digital Archive","",""
27/12/2013 12:15,1.475,8.07,"0040[migrated]3","Digital Archive","",""
01/01/2014 22:00,1.858,13.76,"0040[migrated]3","Digital Archive","",""
29/01/2014 16:15,1.576,9.40,"0040[migrated]3","Digital Archive","",""
01/02/2014 03:45,1.937,15.17,"0040[migrated]3","Digital Archive","",""
06/02/2014 22:00,2.066,17.65,"0040[migrated]3","Digital Archive","",""
08/02/2014 09:30,1.515,8.58,"0040[migrated]3","Digital Archive","",""
12/02/2014 21:15,1.440,7.64,"0040[migrated]3","Digital Archive","",""
14/02/2014 20:45,1.746,11.91,"0040[migrated]3","Digital Archive","",""
09/11/2014 12:00,1.542,8.94,"0040[migrated]3","Digital Archive","",""
08/01/2015 16:15,1.924,14.93,"0040[migrated]3","Digital Archive","",""
15/01/2015 09:00,2.482,27.26,"0040[migrated]3","Digital Archive","",""
03/01/2016 20:45,1.896,14.43,"0040[migrated]3","Digital Archive","",""
05/01/2016 12:45,1.490,8.26,"0040[migrated]3","Digital Archive","",""
07/01/2016 14:15,1.582,9.48,"0040[migrated]3","Digital Archive","",""
30/01/2016 10:00,1.455,7.83,"0040[migrated]3","Digital Archive","",""
09/03/2016 12:00,1.459,7.87,"0040[migrated]3","Digital Archive","",""
28/03/2016 06:15,1.433,7.56,"0040[migrated]3","Digital Archive","",""
12/01/2017 22:15,1.057,3.82,"0040[migrated]3","Digital Archive","","AMAX ONLY"
30/03/2018 18:15,1.378,6.91,"0040[migrated]3","Digital Archive","","AMAX ONLY"
08/02/2019 22:45,1.398,7.14,"0040[migrated]3","Digital Archive","","AMAX ONLY"
20/12/2019 11:00,2.051,17.35,"0040[migrated]3","Digital Archive","",""
13/02/2020 18:45,1.577,9.41,"0040[migrated]3","Digital Archive","",""
16/02/2020 20:15,1.645,10.37,"0040[migrated]3","Digital Archive","",""
05/03/2020 19:30,2.479,27.18,"0040[migrated]3","Digital Archive","",""
15/11/2020 16:00,1.553,9.08,"0040[migrated]3","Digital Archive","",""
04/12/2020 10:15,1.969,15.80,"0040[migrated]3","Digital Archive","",""
27/12/2020 10:30,2.409,25.40,"0040[migrated]3","Digital Archive","",""
14/01/2021 15:30,1.461,7.90,"0040[migrated]3","Digital Archive","",""
09/08/2021 12:15,1.482,8.16,"0040[migrated]3","Digital Archive","",""
