"NAME:","Withiel Florey Stream at Bessom Bridge"
"NUMBER:","45818"
"DATE","STAGE (m)","FLOW (m^3/s)","RATING","SOURCE","COMMENT","AMAX ONLY"
30/11/1992 13:30,0.590,2.93,"1[migrated]1","Digital Archive","",""
02/12/1992 15:00,0.576,2.76,"1[migrated]1","Digital Archive","",""
20/12/1993 09:00,0.593,2.96,"1[migrated]1","Digital Archive","",""
30/10/1994 21:30,0.572,2.71,"1[migrated]1","Digital Archive","",""
09/11/1994 03:00,0.555,2.52,"1[migrated]1","Digital Archive","",""
09/11/1994 19:30,0.672,4.02,"1[migrated]1","Digital Archive","",""
07/12/1994 01:00,0.540,2.36,"1[migrated]1","Digital Archive","",""
28/12/1994 19:00,0.619,3.29,"1[migrated]1","Digital Archive","",""
27/01/1995 14:00,0.851,7.14,"1[migrated]1","Digital Archive","",""
29/01/1995 07:00,0.601,3.06,"1[migrated]1","Digital Archive","",""
22/12/1995 17:00,0.516,2.11,"1[migrated]1","Digital Archive","","AMAX ONLY"
04/11/1996 04:00,0.591,2.94,"1[migrated]1","Digital Archive","",""
27/06/1997 05:30,1.040,11.64,"1[migrated]1","Digital Archive","",""
09/10/1997 21:30,0.553,2.50,"1[migrated]1","Digital Archive","",""
03/01/1998 06:00,0.678,4.11,"1[migrated]1","Digital Archive","",""
05/01/1998 09:00,0.683,4.18,"1[migrated]1","Digital Archive","",""
24/10/1998 11:30,0.721,4.77,"1[migrated]1","Digital Archive","",""
27/10/1998 13:30,0.594,2.98,"1[migrated]1","Digital Archive","",""
28/10/1998 04:30,0.588,2.90,"1[migrated]1","Digital Archive","",""
31/10/1998 20:00,0.839,6.90,"1[migrated]1","Digital Archive","",""
26/12/1998 13:00,0.621,3.32,"1[migrated]1","Digital Archive","",""
12/01/1999 13:00,0.605,3.11,"1[migrated]1","Digital Archive","",""
19/01/1999 20:00,0.857,7.26,"1[migrated]1","Digital Archive","",""
04/03/1999 08:30,0.554,2.51,"1[migrated]1","Digital Archive","",""
29/05/1999 12:30,1.089,13.02,"1[migrated]1","Digital Archive","",""
05/06/1999 16:00,0.609,3.16,"1[migrated]1","Digital Archive","",""
05/07/1999 17:30,0.539,2.35,"1[migrated]1","Digital Archive","",""
18/12/1999 22:30,0.657,3.80,"1[migrated]1","Digital Archive","",""
24/12/1999 02:00,0.765,5.51,"1[migrated]1","Digital Archive","",""
24/12/1999 17:30,0.565,2.63,"1[migrated]1","Digital Archive","",""
26/12/1999 15:00,0.642,3.60,"1[migrated]1","Digital Archive","",""
18/04/2000 17:30,0.704,4.50,"1[migrated]1","Digital Archive","",""
23/04/2000 14:30,0.649,3.69,"1[migrated]1","Digital Archive","",""
24/04/2000 16:00,0.546,2.42,"1[migrated]1","Digital Archive","",""
26/04/2000 10:30,0.566,2.65,"1[migrated]1","Digital Archive","",""
30/10/2000 06:00,0.982,10.12,"1[migrated]1","Digital Archive","",""
05/11/2000 10:00,0.953,9.41,"1[migrated]1","Digital Archive","",""
26/11/2000 04:30,0.742,5.11,"1[migrated]1","Digital Archive","",""
07/12/2000 18:30,1.004,10.68,"1[migrated]1","Digital Archive","",""
11/12/2000 16:00,0.677,4.09,"1[migrated]1","Digital Archive","",""
31/12/2000 21:30,0.538,2.34,"1[migrated]1","Digital Archive","",""
12/02/2001 08:30,0.838,6.88,"1[migrated]1","Digital Archive","",""
23/03/2001 08:30,0.544,2.40,"1[migrated]1","Digital Archive","",""
03/04/2001 21:30,0.540,2.36,"1[migrated]1","Digital Archive","",""
06/04/2001 15:30,0.547,2.43,"1[migrated]1","Digital Archive","",""
26/01/2002 12:00,0.694,4.35,"1[migrated]1","Digital Archive","",""
27/01/2002 12:00,0.550,2.47,"1[migrated]1","Digital Archive","",""
04/02/2002 14:00,0.668,3.96,"1[migrated]1","Digital Archive","",""
11/02/2002 11:15,0.680,4.14,"1[migrated]1","Digital Archive","",""
26/02/2002 02:00,0.567,2.66,"1[migrated]1","Digital Archive","",""
13/10/2002 19:30,0.602,3.07,"1[migrated]1","Digital Archive","",""
14/11/2002 00:15,0.570,2.69,"1[migrated]1","Digital Archive","",""
01/01/2003 12:15,0.577,2.77,"1[migrated]1","Digital Archive","",""
12/01/2004 10:00,0.616,3.25,"1[migrated]1","Digital Archive","",""
29/10/2004 13:00,0.479,1.77,"1[migrated]1","Digital Archive","","AMAX ONLY"
06/11/2005 09:15,0.711,4.61,"1[migrated]1","Digital Archive","",""
26/07/2007 13:15,0.580,2.81,"1[migrated]1","Digital Archive","",""
08/12/2007 11:45,0.911,8.43,"1[migrated]1","Digital Archive","",""
09/12/2007 08:30,0.785,5.87,"1[migrated]1","Digital Archive","",""
11/01/2008 13:30,0.543,2.39,"1[migrated]1","Digital Archive","",""
15/01/2008 06:30,0.546,2.42,"1[migrated]1","Digital Archive","",""
21/01/2008 20:00,0.551,2.47,"1[migrated]1","Digital Archive","",""
10/03/2008 12:30,0.556,2.53,"1[migrated]1","Digital Archive","",""
07/08/2008 15:30,0.552,2.49,"1[migrated]1","Digital Archive","",""
05/09/2008 15:45,0.862,7.37,"1[migrated]1","Digital Archive","",""
08/11/2008 20:00,0.640,3.57,"1[migrated]1","Digital Archive","",""
13/12/2008 03:45,0.616,3.25,"1[migrated]1","Digital Archive","",""
29/07/2009 18:00,0.558,2.56,"1[migrated]1","Digital Archive","",""
25/11/2009 00:45,0.575,2.75,"1[migrated]1","Digital Archive","",""
28/11/2009 19:00,0.555,2.52,"1[migrated]1","Digital Archive","",""
29/11/2009 18:15,0.596,3.00,"1[migrated]1","Digital Archive","",""
13/01/2011 20:00,0.524,2.19,"1[migrated]1","Digital Archive","","AMAX ONLY"
12/12/2011 22:00,0.577,2.77,"1[migrated]1","Digital Archive","",""
03/01/2012 10:45,0.923,8.70,"1[migrated]1","Digital Archive","",""
30/04/2012 08:15,0.837,6.86,"1[migrated]1","Digital Archive","",""
01/05/2012 01:15,0.883,7.81,"1[migrated]1","Digital Archive","",""
11/10/2012 11:45,0.639,3.55,"1[migrated]1","Digital Archive","",""
21/11/2012 09:15,0.556,2.53,"1[migrated]1","Digital Archive","",""
22/11/2012 18:45,0.564,2.62,"1[migrated]1","Digital Archive","",""
25/11/2012 00:00,0.981,10.09,"1[migrated]1","Digital Archive","",""
27/11/2012 05:15,0.648,3.68,"1[migrated]1","Digital Archive","",""
22/12/2012 04:45,0.585,2.87,"1[migrated]1","Digital Archive","",""
22/12/2012 22:30,0.650,3.71,"1[migrated]1","Digital Archive","",""
24/12/2012 10:15,0.647,3.66,"1[migrated]1","Digital Archive","",""
27/01/2013 04:45,0.937,9.03,"1[migrated]1","Digital Archive","",""
28/01/2013 18:00,0.835,6.82,"1[migrated]1","Digital Archive","",""
30/01/2013 02:00,0.728,4.88,"1[migrated]1","Digital Archive","",""
24/12/2013 00:00,0.802,6.18,"1[migrated]1","Digital Archive","",""
01/01/2014 16:00,0.570,2.69,"1[migrated]1","Digital Archive","",""
05/01/2014 18:30,0.543,2.39,"1[migrated]1","Digital Archive","",""
18/01/2014 16:45,0.574,2.74,"1[migrated]1","Digital Archive","",""
05/02/2014 09:30,0.652,3.73,"1[migrated]1","Digital Archive","",""
12/02/2014 13:15,0.550,2.47,"1[migrated]1","Digital Archive","",""
14/02/2014 15:30,0.582,2.83,"1[migrated]1","Digital Archive","",""
15/01/2015 00:45,0.547,2.43,"1[migrated]1","Digital Archive","",""
03/01/2016 11:15,0.883,7.81,"1[migrated]1","Digital Archive","",""
09/01/2016 15:45,0.824,6.60,"1[migrated]1","Digital Archive","",""
06/02/2016 17:00,0.852,7.16,"1[migrated]1","Digital Archive","",""
10/02/2016 04:45,0.712,4.63,"1[migrated]1","Digital Archive","",""
20/11/2016 02:45,1.202,16.55,"1[migrated]1","Digital Archive","",""
21/11/2016 14:30,1.191,16.19,"1[migrated]1","Digital Archive","",""
04/01/2018 07:00,0.560,2.58,"1[migrated]1","Digital Archive","",""
17/01/2018 23:45,0.595,2.99,"1[migrated]1","Digital Archive","",""
21/01/2018 12:00,0.589,2.91,"1[migrated]1","Digital Archive","",""
11/06/2019 06:00,0.525,2.21,"1[migrated]1","Digital Archive","","AMAX ONLY"
14/11/2019 18:45,0.547,2.43,"1[migrated]1","Digital Archive","",""
26/12/2019 21:15,0.558,2.56,"1[migrated]1","Digital Archive","",""
13/02/2020 03:15,0.595,2.99,"1[migrated]1","Digital Archive","",""
15/02/2020 15:00,0.641,3.58,"1[migrated]1","Digital Archive","",""
16/02/2020 05:30,0.646,3.65,"1[migrated]1","Digital Archive","",""
24/02/2020 11:45,0.541,2.37,"1[migrated]1","Digital Archive","",""
28/02/2020 10:45,0.553,2.50,"1[migrated]1","Digital Archive","",""
29/02/2020 04:30,0.642,3.60,"1[migrated]1","Digital Archive","",""
05/03/2020 10:45,0.807,6.27,"1[migrated]1","Digital Archive","",""
04/10/2020 16:30,0.583,2.84,"1[migrated]1","Digital Archive","",""
19/12/2020 02:00,0.606,3.12,"1[migrated]1","Digital Archive","",""
23/12/2020 16:15,0.735,5.00,"1[migrated]1","Digital Archive","",""
27/12/2020 04:30,0.745,5.16,"1[migrated]1","Digital Archive","",""
02/02/2021 15:45,0.620,3.30,"1[migrated]1","Digital Archive","",""
