"NAME:","Parrett at Chiselborough"
"NUMBER:","52007"
"DATE","STAGE (m)","FLOW (m^3/s)","RATING","SOURCE","COMMENT","AMAX ONLY"
04/09/1966 19:15,0.210,1.44,"CHI1[migrated]1","Digital Archive","","AMAX ONLY"
23/10/1966 04:00,2.246,25.13,"CHI1[migrated]3","Digital Archive","",""
05/11/1966 09:30,2.396,40.32,"CHI1[migrated]3","Digital Archive","",""
23/01/1967 11:30,2.006,14.04,"CHI1[migrated]2","Digital Archive","",""
17/02/1967 10:45,1.981,13.83,"CHI1[migrated]2","Digital Archive","",""
31/10/1967 14:15,1.993,13.93,"CHI1[migrated]2","Digital Archive","",""
11/07/1968 06:15,2.280,28.05,"CHI1[migrated]3","Digital Archive","",""
29/10/1968 03:00,1.920,13.33,"CHI1[migrated]2","Digital Archive","",""
22/12/1968 09:45,2.167,19.34,"CHI1[migrated]3","Digital Archive","",""
25/12/1968 12:45,2.176,19.93,"CHI1[migrated]3","Digital Archive","",""
22/02/1969 13:15,2.271,27.25,"CHI1[migrated]3","Digital Archive","",""
13/03/1969 08:15,2.106,15.69,"CHI1[migrated]3","Digital Archive","",""
22/11/1969 11:00,1.704,11.60,"CHI1[migrated]2","Digital Archive","","AMAX ONLY"
21/01/1971 05:30,2.235,24.24,"CHI2[migrated]3","Digital Archive","",""
24/01/1971 01:00,1.917,12.95,"CHI2[migrated]2","Digital Archive","",""
11/01/1972 20:30,2.071,14.12,"CHI2[migrated]2","Digital Archive","",""
03/02/1972 22:00,2.221,23.15,"CHI2[migrated]3","Digital Archive","",""
07/03/1972 08:45,2.496,54.38,"CHI2[migrated]3","Digital Archive","",""
02/12/1972 12:00,2.247,25.21,"CHI2[migrated]3","Digital Archive","",""
06/12/1972 12:45,2.466,49.78,"CHI2[migrated]3","Digital Archive","",""
04/01/1974 23:15,2.290,28.96,"CHI2[migrated]3","Digital Archive","",""
07/01/1974 11:30,2.170,19.53,"CHI2[migrated]3","Digital Archive","",""
10/01/1974 20:15,1.939,13.12,"CHI2[migrated]2","Digital Archive","",""
11/02/1974 07:45,2.536,61.09,"CHI2[migrated]3","Digital Archive","",""
15/02/1974 03:30,2.395,40.20,"CHI2[migrated]3","Digital Archive","",""
05/09/1974 17:45,2.058,14.02,"CHI2[migrated]2","Digital Archive","",""
13/11/1974 19:30,2.339,33.81,"CHI2[migrated]3","Digital Archive","",""
27/12/1974 09:45,2.146,18.01,"CHI2[migrated]3","Digital Archive","",""
18/01/1975 17:15,2.266,26.81,"CHI2[migrated]3","Digital Archive","",""
20/01/1975 10:15,2.501,55.19,"CHI2[migrated]3","Digital Archive","",""
27/01/1975 08:45,1.911,12.91,"CHI2[migrated]2","Digital Archive","",""
09/03/1975 08:30,1.989,13.50,"CHI2[migrated]2","Digital Archive","",""
28/11/1975 22:30,0.906,5.88,"CHI2[migrated]2","Digital Archive","","AMAX ONLY"
15/10/1976 00:30,2.180,20.20,"CHI2[migrated]3","Digital Archive","",""
30/11/1976 22:30,2.037,13.86,"CHI2[migrated]2","Digital Archive","",""
02/12/1976 07:15,2.063,14.06,"CHI2[migrated]2","Digital Archive","",""
06/12/1976 10:30,2.075,14.15,"CHI2[migrated]2","Digital Archive","",""
23/01/1978 18:30,2.160,18.89,"CHI2[migrated]3","Digital Archive","",""
28/01/1978 05:45,2.276,27.69,"CHI2[migrated]3","Digital Archive","",""
22/02/1978 21:15,2.213,22.55,"CHI2[migrated]3","Digital Archive","",""
01/05/1978 23:00,2.155,18.57,"CHI2[migrated]3","Digital Archive","",""
01/02/1979 18:30,2.156,18.63,"CHI2[migrated]3","Digital Archive","",""
25/03/1979 10:00,2.084,14.53,"CHI2[migrated]3","Digital Archive","",""
30/05/1979 15:30,2.925,173.54,"CHI2[migrated]3","Digital Archive","",""
27/12/1979 20:30,2.689,93.78,"CHI2[migrated]3","Digital Archive","",""
21/01/1980 11:45,2.204,21.89,"CHI3[migrated]3","Digital Archive","",""
22/03/1981 07:15,2.020,11.57,"CHI3[migrated]3","Digital Archive","","AMAX ONLY"
20/12/1981 09:00,2.068,13.74,"CHI3[migrated]3","Digital Archive","",""
13/02/1982 07:15,2.134,17.28,"CHI3[migrated]3","Digital Archive","",""
10/03/1982 06:15,2.244,24.97,"CHI3[migrated]3","Digital Archive","",""
15/03/1982 20:00,2.269,27.07,"CHI3[migrated]3","Digital Archive","",""
17/10/1982 01:45,2.262,26.47,"CHI3[migrated]3","Digital Archive","",""
08/11/1982 04:00,2.174,19.80,"CHI3[migrated]3","Digital Archive","",""
12/11/1982 11:45,2.315,31.35,"CHI3[migrated]3","Digital Archive","",""
10/12/1982 04:00,2.208,22.18,"CHI3[migrated]3","Digital Archive","",""
16/01/1984 23:15,2.130,17.05,"CHI3[migrated]3","Digital Archive","",""
27/01/1984 11:00,2.131,17.11,"CHI3[migrated]3","Digital Archive","",""
21/01/1985 10:30,2.438,45.79,"CHI3[migrated]3","Digital Archive","",""
26/12/1985 09:00,2.103,15.53,"CHI3[migrated]3","Digital Archive","",""
29/01/1986 04:45,2.235,24.24,"CHI3[migrated]3","Digital Archive","",""
26/08/1986 03:30,2.147,18.07,"CHI3[migrated]3","Digital Archive","",""
11/12/1986 12:45,2.186,20.61,"CHI3[migrated]3","Digital Archive","",""
13/12/1986 06:45,2.108,15.80,"CHI3[migrated]3","Digital Archive","",""
01/02/1988 05:45,2.090,14.84,"CHI3[migrated]3","Digital Archive","",""
14/02/1988 00:15,2.094,15.05,"CHI3[migrated]3","Digital Archive","",""
24/02/1989 18:15,2.220,23.08,"CHI3[migrated]3","Digital Archive","",""
21/03/1989 03:00,2.195,21.24,"CHI3[migrated]3","Digital Archive","",""
11/04/1989 15:45,2.081,14.38,"CHI3[migrated]3","Digital Archive","",""
20/12/1989 22:45,2.407,41.70,"CHI3[migrated]3","Digital Archive","",""
25/12/1989 02:30,2.068,13.74,"CHI3[migrated]3","Digital Archive","",""
01/02/1990 22:45,2.190,20.89,"CHI53","Digital Archive","",""
03/02/1990 15:30,2.256,25.96,"CHI53","Digital Archive","",""
07/02/1990 08:15,2.152,18.38,"CHI53","Digital Archive","",""
11/02/1990 20:45,2.073,13.98,"CHI53","Digital Archive","",""
10/01/1991 05:30,2.128,16.93,"CHI53","Digital Archive","",""
09/01/1992 07:45,1.986,10.22,"CHI53","Digital Archive","","AMAX ONLY"
30/11/1992 18:30,2.326,32.46,"CHI53","Digital Archive","",""
02/12/1992 12:00,2.327,32.56,"CHI53","Digital Archive","",""
07/12/1992 01:45,2.319,31.75,"CHI53","Digital Archive","",""
18/12/1992 14:15,2.560,65.45,"CHI53","Digital Archive","",""
10/01/1993 14:30,2.268,26.99,"CHI53","Digital Archive","",""
13/01/1993 15:15,2.251,25.54,"CHI53","Digital Archive","",""
30/09/1993 20:15,2.397,40.45,"CHI53","Digital Archive","",""
05/10/1993 18:00,2.072,13.93,"CHI53","Digital Archive","",""
13/10/1993 07:15,2.303,30.18,"CHI53","Digital Archive","",""
20/12/1993 13:00,2.328,32.67,"CHI53","Digital Archive","",""
05/01/1994 12:30,2.121,16.53,"CHI53","Digital Archive","",""
09/11/1994 22:15,2.442,46.34,"CHI53","Digital Archive","",""
08/12/1994 15:30,2.251,25.54,"CHI53","Digital Archive","",""
17/01/1995 23:45,2.122,16.59,"CHI53","Digital Archive","",""
20/01/1995 04:15,2.130,17.05,"CHI53","Digital Archive","",""
21/01/1995 17:30,2.281,28.14,"CHI53","Digital Archive","",""
27/01/1995 21:30,2.082,14.43,"CHI53","Digital Archive","",""
22/12/1995 09:30,2.303,30.18,"CHI53","Digital Archive","",""
09/01/1996 01:45,2.054,13.07,"CHI53","Digital Archive","",""
09/02/1996 16:15,2.250,25.46,"CHI53","Digital Archive","",""
21/03/1996 12:15,2.075,14.08,"CHI53","Digital Archive","",""
19/11/1996 20:00,2.084,14.53,"CHI53","Digital Archive","",""
28/11/1997 10:00,2.257,26.04,"CHI53","Digital Archive","",""
01/01/1998 23:15,2.401,40.94,"CHI53","Digital Archive","",""
05/01/1998 14:15,2.330,32.87,"CHI53","Digital Archive","",""
24/10/1998 20:15,2.120,16.47,"CHI53","Digital Archive","",""
26/12/1998 22:00,2.124,16.70,"CHI53","Digital Archive","",""
20/01/1999 06:15,2.098,15.26,"CHI53","Digital Archive","",""
23/04/1999 15:45,2.119,16.41,"CHI53","Digital Archive","",""
24/10/1999 18:45,2.124,16.70,"CHI53","Digital Archive","",""
19/12/1999 06:00,2.090,14.84,"CHI53","Digital Archive","",""
24/12/1999 22:00,2.497,54.54,"CHI53","Digital Archive","",""
29/02/2000 15:15,2.066,13.64,"CHI53","Digital Archive","",""
03/04/2000 20:15,2.234,24.16,"CHI53","Digital Archive","",""
18/04/2000 22:45,2.079,14.28,"CHI53","Digital Archive","",""
20/04/2000 06:45,2.268,26.99,"CHI53","Digital Archive","",""
30/10/2000 08:45,2.501,55.19,"CHI53","Digital Archive","",""
05/11/2000 22:15,2.571,67.54,"CHI53","Digital Archive","",""
04/12/2000 11:30,2.316,31.45,"CHI53","Digital Archive","",""
07/12/2000 23:00,2.469,50.23,"CHI53","Digital Archive","",""
12/12/2000 21:30,2.342,34.13,"CHI53","Digital Archive","",""
31/12/2000 23:15,2.764,114.69,"CHI53","Digital Archive","",""
02/01/2001 12:30,2.070,13.83,"CHI53","Digital Archive","",""
23/01/2001 19:00,2.057,13.21,"CHI53","Digital Archive","",""
26/01/2001 23:30,2.141,17.70,"CHI53","Digital Archive","",""
26/01/2002 18:15,2.168,19.40,"CHI53","Digital Archive","",""
04/02/2002 19:15,2.314,31.26,"CHI53","Digital Archive","",""
14/11/2002 03:00,2.312,31.06,"CHI53","Digital Archive","",""
01/01/2003 11:15,2.339,33.81,"CHI53","Digital Archive","",""
19/01/2003 10:45,2.091,14.89,"CHI53","Digital Archive","",""
20/01/2003 15:15,2.146,18.01,"CHI53","Digital Archive","",""
08/01/2004 13:45,2.244,24.97,"CHI53","Digital Archive","",""
12/01/2004 16:45,2.107,15.75,"CHI53","Digital Archive","",""
01/02/2004 21:30,2.405,41.45,"CHI53","Digital Archive","",""
19/12/2004 13:30,1.997,10.64,"CHI53","Digital Archive","","AMAX ONLY"
02/11/2005 08:30,2.177,20.00,"CHI53","Digital Archive","",""
06/11/2005 18:30,2.133,17.22,"CHI53","Digital Archive","",""
02/12/2005 11:45,2.126,16.82,"CHI53","Digital Archive","",""
30/12/2006 06:15,2.242,24.80,"CHI53","Digital Archive","",""
04/03/2007 20:45,2.243,24.88,"CHI53","Digital Archive","",""
06/03/2007 06:30,2.253,25.71,"CHI53","Digital Archive","",""
21/11/2007 02:30,2.177,20.00,"CHI53","Digital Archive","",""
08/12/2007 18:30,2.255,25.87,"CHI53","Digital Archive","",""
11/01/2008 16:00,2.278,27.87,"CHI53","Digital Archive","",""
15/01/2008 13:45,2.214,22.62,"CHI53","Digital Archive","",""
30/05/2008 01:00,2.097,15.21,"CHI53","Digital Archive","",""
30/10/2008 08:30,2.084,14.53,"CHI53","Digital Archive","",""
10/11/2008 20:15,2.104,15.58,"CHI53","Digital Archive","",""
13/12/2008 09:30,2.354,35.43,"CHI53","Digital Archive","",""
22/01/2009 10:00,2.111,15.97,"CHI53","Digital Archive","",""
10/02/2009 02:00,2.214,22.62,"CHI53","Digital Archive","",""
14/11/2009 05:30,2.229,23.77,"CHI53","Digital Archive","",""
22/11/2009 01:15,2.121,16.53,"CHI53","Digital Archive","",""
06/12/2009 12:30,2.053,13.02,"CHI53","Digital Archive","",""
22/01/2010 16:30,2.101,15.42,"CHI53","Digital Archive","",""
17/11/2010 20:15,2.077,14.18,"CHI53","Digital Archive","",""
13/12/2011 08:30,2.082,14.43,"CHI53","Digital Archive","",""
30/04/2012 08:45,2.145,17.95,"CHI53","Digital Archive","",""
07/07/2012 15:30,2.475,51.13,"CHI53","Digital Archive","",""
04/11/2012 17:30,2.108,15.80,"CHI53","Digital Archive","",""
21/11/2012 13:45,2.491,53.59,"CHI53","Digital Archive","",""
23/11/2012 04:00,2.068,13.74,"CHI53","Digital Archive","",""
25/11/2012 03:45,2.551,63.79,"CHI53","Digital Archive","",""
20/12/2012 15:00,2.273,27.42,"CHI53","Digital Archive","",""
26/01/2013 05:00,2.232,24.00,"CHI53","Digital Archive","",""
19/12/2013 01:45,2.373,37.58,"CHI53","Digital Archive","",""
24/12/2013 03:15,2.531,60.22,"CHI53","Digital Archive","",""
01/01/2014 17:15,2.488,53.12,"CHI53","Digital Archive","",""
04/01/2014 12:45,2.582,69.68,"CHI53","Digital Archive","",""
06/01/2014 00:45,2.347,34.67,"CHI53","Digital Archive","",""
07/01/2014 19:30,2.056,13.16,"CHI53","Digital Archive","",""
01/02/2014 00:15,2.181,20.27,"CHI53","Digital Archive","",""
05/02/2014 18:15,2.177,20.00,"CHI53","Digital Archive","",""
08/02/2014 06:00,2.246,25.13,"CHI53","Digital Archive","",""
12/02/2014 19:30,2.215,22.70,"CHI53","Digital Archive","",""
14/02/2014 19:00,2.285,28.50,"CHI53","Digital Archive","",""
03/03/2014 01:30,2.089,14.79,"CHI53","Digital Archive","",""
11/11/2014 11:00,2.160,18.88,"CHI53","Digital Archive","",""
15/01/2015 06:30,2.381,38.48,"CHI53","Digital Archive","",""
02/01/2016 13:15,2.056,13.16,"CHI53","Digital Archive","",""
03/01/2016 16:30,2.353,35.32,"CHI53","Digital Archive","",""
09/01/2016 22:30,2.127,16.87,"CHI53","Digital Archive","",""
11/01/2016 09:00,2.097,15.21,"CHI53","Digital Archive","",""
06/02/2016 21:00,2.652,84.70,"CHI53","Digital Archive","",""
28/03/2016 03:45,2.459,48.78,"CHI53","Digital Archive","",""
21/11/2016 19:30,2.281,28.14,"CHI53","Digital Archive","",""
02/02/2017 13:45,2.180,20.20,"CHI53","Digital Archive","",""
10/12/2017 23:15,2.169,19.47,"CHI53","Digital Archive","",""
27/12/2017 01:30,2.197,21.38,"CHI53","Digital Archive","",""
15/03/2018 09:45,2.077,14.20,"CHI53","Digital Archive","",""
30/03/2018 23:45,2.112,16.02,"CHI53","Digital Archive","",""
18/12/2018 23:15,2.345,34.45,"CHI53","Digital Archive","",""
06/03/2019 07:30,2.416,42.85,"CHI53","Digital Archive","",""
19/12/2019 20:15,2.351,35.10,"CHI53","Digital Archive","",""
22/12/2019 03:15,2.100,15.37,"CHI53","Digital Archive","",""
15/01/2020 02:30,2.119,16.40,"CHI53","Digital Archive","",""
13/02/2020 11:30,2.198,21.42,"CHI53","Digital Archive","",""
15/02/2020 20:15,2.397,40.40,"CHI53","Digital Archive","",""
29/02/2020 10:30,2.381,38.51,"CHI53","Digital Archive","",""
05/03/2020 17:15,2.227,23.63,"CHI53","Digital Archive","",""
14/11/2020 23:15,2.238,24.48,"CHI53","Digital Archive","",""
19/12/2020 07:00,2.392,39.83,"CHI53","Digital Archive","",""
23/12/2020 23:30,2.180,20.20,"CHI53","Digital Archive","",""
21/01/2021 02:30,2.344,34.34,"CHI53","Digital Archive","",""
20/02/2021 17:00,2.157,18.69,"CHI53","Digital Archive","",""
17/05/2021 23:45,2.440,46.07,"CHI53","Digital Archive","",""
29/06/2021 03:30,2.105,15.64,"CHI53","Digital Archive","",""
