"NAME:","Currypool Stream at Currypool Farm"
"NUMBER:","52016"
"DATE","STAGE (m)","FLOW (m^3/s)","RATING","SOURCE","COMMENT","AMAX ONLY"
18/06/1971 00:00,0.470,3.51,"TEL[migrated]1","CEH files","",""
10/08/1971 00:00,0.540,4.43,"TEL[migrated]1","CEH files","",""
12/01/1972 00:00,0.330,1.93,"TEL[migrated]1","CEH files","",""
16/01/1972 00:00,0.300,1.65,"TEL[migrated]1","CEH files","",""
16/12/1972 00:00,0.390,2.56,"TEL[migrated]1","CEH files","",""
09/02/1974 00:00,0.540,4.43,"TEL[migrated]1","CEH files","",""
10/02/1974 00:00,0.380,2.45,"TEL[migrated]1","CEH files","",""
12/02/1974 00:00,0.300,1.65,"TEL[migrated]1","CEH files","",""
14/02/1974 00:00,0.340,2.03,"TEL[migrated]1","CEH files","",""
27/09/1974 00:00,0.290,1.56,"TEL[migrated]1","CEH files","",""
21/11/1974 00:00,0.290,1.56,"TEL[migrated]1","CEH files","",""
22/03/1976 00:00,0.280,1.47,"TEL[migrated]1","CEH files","",""
24/09/1976 00:00,0.370,2.34,"TEL[migrated]1","CEH files","",""
27/09/1976 00:00,0.390,2.56,"TEL[migrated]1","CEH files","",""
01/10/1976 00:00,0.330,1.93,"TEL[migrated]1","CEH files","",""
14/10/1976 00:00,0.680,6.53,"TEL[migrated]1","CEH files","",""
30/11/1976 00:00,0.580,5.00,"TEL[migrated]1","CEH files","",""
01/12/1976 00:00,0.750,7.70,"TEL[migrated]1","CEH files","",""
07/12/1976 00:00,0.310,1.74,"TEL[migrated]1","CEH files","",""
18/12/1976 00:00,0.350,2.14,"TEL[migrated]1","CEH files","",""
31/12/1976 00:00,0.370,2.34,"TEL[migrated]1","CEH files","",""
05/02/1977 00:00,0.270,1.38,"TEL[migrated]1","CEH files","",""
21/02/1977 00:00,0.550,4.57,"TEL[migrated]1","CEH files","",""
22/02/1977 00:00,0.440,3.14,"TEL[migrated]1","CEH files","",""
10/01/1978 00:00,0.420,2.90,"TEL[migrated]1","CEH files","",""
27/01/1978 00:00,0.340,2.03,"TEL[migrated]1","CEH files","",""
22/02/1978 00:00,0.340,2.03,"TEL[migrated]1","CEH files","",""
23/02/1978 00:00,0.530,4.29,"TEL[migrated]1","CEH files","",""
24/02/1978 00:00,0.400,2.67,"TEL[migrated]1","CEH files","",""
25/02/1978 00:00,0.450,3.26,"TEL[migrated]1","CEH files","",""
01/05/1978 00:00,0.310,1.74,"TEL[migrated]1","CEH files","",""
13/02/1979 00:00,0.280,1.47,"TEL[migrated]1","CEH files","",""
30/06/1979 00:00,0.330,1.93,"TEL[migrated]1","CEH files","",""
27/12/1979 00:00,0.650,6.05,"TEL[migrated]1","CEH files","",""
29/12/1979 00:00,0.320,1.84,"TEL[migrated]1","CEH files","",""
20/01/1980 00:00,0.270,1.38,"TEL[migrated]1","CEH files","",""
23/03/1980 00:00,0.430,3.02,"TEL[migrated]1","CEH files","",""
24/03/1980 00:00,0.270,1.38,"TEL[migrated]1","CEH files","",""
31/03/1980 00:00,0.270,1.38,"TEL[migrated]1","CEH files","",""
01/06/1981 00:00,0.290,1.56,"TEL[migrated]1","CEH files","",""
13/12/1981 00:00,0.400,2.67,"TEL[migrated]1","CEH files","",""
20/12/1981 00:00,0.340,2.03,"TEL[migrated]1","CEH files","",""
29/12/1981 00:00,0.270,1.38,"TEL[migrated]1","CEH files","",""
30/12/1981 00:00,0.380,2.45,"TEL[migrated]1","CEH files","",""
16/01/1982 00:00,0.300,1.65,"TEL[migrated]1","CEH files","",""
15/03/1982 00:00,0.340,2.03,"TEL[migrated]1","CEH files","",""
07/11/1982 00:00,0.350,2.14,"TEL[migrated]1","CEH files","",""
11/11/1982 00:00,0.700,6.86,"TEL[migrated]1","CEH files","",""
14/11/1982 00:00,0.330,1.93,"TEL[migrated]1","CEH files","",""
09/12/1982 00:00,0.460,3.38,"TEL[migrated]1","CEH files","",""
11/12/1982 00:00,0.310,1.74,"TEL[migrated]1","CEH files","",""
18/12/1982 00:00,0.450,3.26,"TEL[migrated]1","CEH files","",""
03/01/1983 00:00,0.270,1.38,"TEL[migrated]1","CEH files","",""
07/01/1983 00:00,0.590,5.14,"TEL[migrated]1","CEH files","",""
20/04/1983 00:00,0.280,1.47,"TEL[migrated]1","CEH files","",""
24/04/1983 00:00,0.290,1.56,"TEL[migrated]1","CEH files","",""
30/04/1983 00:00,0.380,2.45,"TEL[migrated]1","CEH files","",""
16/05/1983 00:00,0.450,3.26,"TEL[migrated]1","CEH files","",""
18/12/1983 00:00,0.400,2.67,"TEL[migrated]1","CEH files","",""
20/12/1983 00:00,0.270,1.38,"TEL[migrated]1","CEH files","",""
15/01/1984 00:00,0.470,3.51,"TEL[migrated]1","CEH files","",""
22/01/1984 00:00,0.270,1.38,"TEL[migrated]1","CEH files","",""
26/01/1984 00:00,0.410,2.79,"TEL[migrated]1","CEH files","",""
08/02/1984 00:00,0.270,1.38,"TEL[migrated]1","CEH files","",""
22/02/1984 00:00,0.280,1.47,"TEL[migrated]1","CEH files","",""
08/02/1985 00:00,0.270,1.38,"TEL[migrated]1","FEH","","AMAX ONLY"
23/12/1985 00:00,0.590,5.14,"TEL[migrated]1","CEH files","",""
25/12/1985 00:00,0.440,3.14,"TEL[migrated]1","CEH files","",""
07/01/1986 00:00,0.300,1.65,"TEL[migrated]1","CEH files","",""
28/01/1986 00:00,0.270,1.38,"TEL[migrated]1","CEH files","",""
18/11/1986 00:00,0.270,1.38,"TEL[migrated]1","CEH files","",""
26/03/1987 00:00,0.300,1.65,"TEL[migrated]1","CEH files","",""
28/01/1988 00:00,0.280,1.47,"TEL[migrated]1","CEH files","",""
31/01/1988 00:00,0.290,1.56,"TEL[migrated]1","CEH files","",""
25/02/1989 00:00,0.290,1.51,"TEL[migrated]1","CEH Files","","AMAX ONLY"
27/01/1990 00:00,0.390,2.52,"TEL[migrated]1","FEH","","AMAX ONLY"
28/09/1991 00:00,0.290,1.60,"TEL[migrated]1","FEH","","AMAX ONLY"
09/01/1992 00:45,0.300,1.65,"TEL[migrated]1","Digital Archive","",""
29/11/1992 01:45,0.307,1.71,"TEL[migrated]1","Digital Archive","",""
30/11/1992 14:30,0.524,4.21,"TEL[migrated]1","Digital Archive","",""
02/12/1992 17:45,0.279,1.46,"TEL[migrated]1","Digital Archive","",""
10/01/1993 13:45,0.366,2.30,"TEL[migrated]1","Digital Archive","",""
13/01/1993 14:00,0.399,2.66,"TEL[migrated]1","Digital Archive","",""
09/04/1993 06:45,0.306,1.70,"TEL[migrated]1","Digital Archive","",""
11/04/1993 12:30,0.313,1.77,"TEL[migrated]1","Digital Archive","",""
20/12/1993 12:00,0.398,2.65,"TEL[migrated]1","Digital Archive","",""
30/12/1993 16:00,0.308,1.72,"TEL[migrated]1","Digital Archive","",""
05/01/1994 08:15,0.430,3.02,"TEL[migrated]1","Digital Archive","",""
23/02/1994 03:45,0.295,1.60,"TEL[migrated]1","Digital Archive","",""
31/03/1994 23:00,0.324,1.88,"TEL[migrated]1","Digital Archive","",""
08/04/1994 18:30,0.292,1.57,"TEL[migrated]1","Digital Archive","",""
09/11/1994 19:30,0.523,4.20,"TEL[migrated]1","Digital Archive","",""
20/01/1995 00:00,0.294,1.59,"TEL[migrated]1","Digital Archive","",""
22/01/1995 00:30,0.339,2.02,"TEL[migrated]1","Digital Archive","",""
27/01/1995 16:45,0.413,2.82,"TEL[migrated]1","Digital Archive","",""
01/02/1995 07:45,0.296,1.61,"TEL[migrated]1","Digital Archive","",""
20/12/1995 03:00,0.354,2.18,"TEL[migrated]1","Digital Archive","",""
22/12/1995 06:30,0.282,1.49,"TEL[migrated]1","Digital Archive","",""
12/02/1996 11:45,0.339,2.02,"TEL[migrated]1","Digital Archive","",""
21/03/1996 08:00,0.279,1.46,"TEL[migrated]1","Digital Archive","",""
25/03/1996 06:30,0.310,1.74,"TEL[migrated]1","Digital Archive","",""
24/02/1997 19:15,0.306,1.70,"TEL[migrated]1","Digital Archive","",""
05/08/1997 10:15,0.278,1.45,"TEL[migrated]1","Digital Archive","",""
06/08/1997 06:30,0.486,3.71,"TEL[migrated]1","Digital Archive","",""
12/10/1997 01:15,0.270,1.38,"TEL[migrated]1","Digital Archive","",""
28/11/1997 04:45,0.281,1.48,"TEL[migrated]1","Digital Archive","",""
01/12/1997 19:45,0.280,1.47,"TEL[migrated]1","Digital Archive","",""
01/01/1998 19:00,0.289,1.55,"TEL[migrated]1","Digital Archive","",""
03/01/1998 08:15,0.341,2.04,"TEL[migrated]1","Digital Archive","",""
05/01/1998 10:15,0.379,2.44,"TEL[migrated]1","Digital Archive","",""
08/04/1998 14:30,0.286,1.52,"TEL[migrated]1","Digital Archive","",""
24/10/1998 12:30,0.345,2.08,"TEL[migrated]1","Digital Archive","",""
31/10/1998 21:30,0.435,3.08,"TEL[migrated]1","Digital Archive","",""
03/11/1998 06:00,0.281,1.48,"TEL[migrated]1","Digital Archive","",""
26/12/1998 15:15,0.384,2.50,"TEL[migrated]1","Digital Archive","",""
02/01/1999 03:00,0.298,1.63,"TEL[migrated]1","Digital Archive","",""
03/01/1999 07:00,0.303,1.68,"TEL[migrated]1","Digital Archive","",""
16/01/1999 03:15,0.404,2.72,"TEL[migrated]1","Digital Archive","",""
19/01/1999 21:45,0.472,3.53,"TEL[migrated]1","Digital Archive","",""
03/03/1999 17:15,0.281,1.48,"TEL[migrated]1","Digital Archive","",""
23/04/1999 07:00,0.301,1.66,"TEL[migrated]1","Digital Archive","",""
19/09/1999 02:00,0.330,1.93,"TEL[migrated]1","Digital Archive","",""
18/12/1999 23:15,0.397,2.64,"TEL[migrated]1","Digital Archive","",""
24/12/1999 02:15,0.389,2.55,"TEL[migrated]1","Digital Archive","",""
26/12/1999 16:00,0.375,2.40,"TEL[migrated]1","Digital Archive","",""
18/04/2000 17:30,0.403,2.71,"TEL[migrated]1","Digital Archive","",""
28/05/2000 03:30,0.270,1.38,"TEL[migrated]1","Digital Archive","",""
09/10/2000 22:45,0.287,1.53,"TEL[migrated]1","Digital Archive","",""
11/10/2000 10:00,0.277,1.44,"TEL[migrated]1","Digital Archive","",""
30/10/2000 05:30,0.558,4.68,"TEL[migrated]1","Digital Archive","",""
05/11/2000 19:45,0.451,3.27,"TEL[migrated]1","Digital Archive","",""
07/12/2000 21:00,0.619,5.58,"TEL[migrated]1","Digital Archive","",""
11/12/2000 17:00,0.274,1.42,"TEL[migrated]1","Digital Archive","",""
12/12/2000 20:15,0.451,3.27,"TEL[migrated]1","Digital Archive","",""
31/12/2000 22:30,0.405,2.73,"TEL[migrated]1","Digital Archive","",""
12/02/2001 14:30,0.279,1.46,"TEL[migrated]1","Digital Archive","",""
16/03/2001 23:00,0.528,4.27,"TEL[migrated]1","Digital Archive","",""
17/03/2001 20:15,0.273,1.41,"TEL[migrated]1","Digital Archive","",""
21/03/2001 04:00,0.396,2.63,"TEL[migrated]1","Digital Archive","",""
23/03/2001 09:00,0.340,2.03,"TEL[migrated]1","Digital Archive","",""
27/03/2001 12:00,0.301,1.66,"TEL[migrated]1","Digital Archive","",""
26/01/2002 12:45,0.350,2.14,"TEL[migrated]1","Digital Archive","",""
04/02/2002 15:15,0.329,1.92,"TEL[migrated]1","Digital Archive","",""
26/02/2002 02:00,0.325,1.89,"TEL[migrated]1","Digital Archive","",""
18/03/2002 11:15,0.289,1.55,"TEL[migrated]1","Digital Archive","",""
13/10/2002 22:30,0.306,1.70,"TEL[migrated]1","Digital Archive","",""
15/10/2002 14:15,0.413,2.82,"TEL[migrated]1","Digital Archive","",""
14/11/2002 00:00,0.436,3.09,"TEL[migrated]1","Digital Archive","",""
01/01/2003 06:45,0.311,1.75,"TEL[migrated]1","Digital Archive","",""
21/01/2003 07:00,0.351,2.15,"TEL[migrated]1","Digital Archive","",""
12/01/2004 10:45,0.395,2.62,"TEL[migrated]1","Digital Archive","",""
19/12/2004 04:00,0.355,2.19,"TEL[migrated]1","Digital Archive","",""
06/11/2005 12:00,0.389,2.55,"TEL[migrated]1","Digital Archive","",""
02/12/2005 17:30,0.330,1.93,"TEL[migrated]1","Digital Archive","",""
07/12/2005 23:00,0.279,1.46,"TEL[migrated]1","Digital Archive","",""
27/11/2006 22:15,0.431,3.03,"TEL[migrated]1","Digital Archive","",""
06/01/2007 14:00,0.279,1.46,"TEL[migrated]1","Digital Archive","",""
10/01/2007 00:45,0.666,6.31,"TEL[migrated]1","Digital Archive","",""
06/03/2007 02:45,0.361,2.25,"TEL[migrated]1","Digital Archive","",""
25/06/2007 12:00,0.395,2.62,"TEL[migrated]1","Digital Archive","",""
23/07/2007 15:15,0.305,1.69,"TEL[migrated]1","Digital Archive","",""
08/12/2007 12:15,0.486,3.71,"TEL[migrated]1","Digital Archive","",""
09/12/2007 12:30,0.390,2.56,"TEL[migrated]1","Digital Archive","",""
11/01/2008 15:15,0.469,3.49,"TEL[migrated]1","Digital Archive","",""
15/01/2008 10:00,0.279,1.46,"TEL[migrated]1","Digital Archive","",""
16/03/2008 09:15,0.305,1.69,"TEL[migrated]1","Digital Archive","",""
27/05/2008 05:00,0.340,2.03,"TEL[migrated]1","Digital Archive","",""
28/05/2008 09:30,0.456,3.33,"TEL[migrated]1","Digital Archive","",""
29/05/2008 22:15,0.294,1.59,"TEL[migrated]1","Digital Archive","",""
30/10/2008 04:00,0.372,2.37,"TEL[migrated]1","Digital Archive","",""
13/12/2008 08:00,0.298,1.63,"TEL[migrated]1","Digital Archive","",""
23/01/2009 07:30,0.301,1.66,"TEL[migrated]1","Digital Archive","",""
09/02/2009 20:15,0.425,2.96,"TEL[migrated]1","Digital Archive","",""
29/12/2009 15:30,0.297,1.62,"TEL[migrated]1","Digital Archive","",""
18/01/2011 02:30,0.164,0.60,"TEL[migrated]1","Digital Archive","","AMAX ONLY"
03/01/2012 11:45,0.284,1.50,"TEL[migrated]1","Digital Archive","",""
25/04/2012 18:45,0.294,1.59,"TEL[migrated]1","Digital Archive","",""
30/04/2012 23:45,0.400,2.67,"TEL[migrated]1","Digital Archive","",""
07/07/2012 06:30,0.308,1.72,"TEL[migrated]1","Digital Archive","",""
24/09/2012 05:45,0.651,6.07,"TEL[migrated]1","Digital Archive","",""
06/10/2012 02:30,0.279,1.46,"TEL[migrated]1","Digital Archive","",""
21/11/2012 09:30,0.722,7.23,"TEL[migrated]1","Digital Archive","",""
22/11/2012 20:00,0.398,2.66,"TEL[migrated]1","Digital Archive","",""
25/11/2012 00:00,0.851,9.52,"TEL[migrated]1","Digital Archive","",""
27/11/2012 07:00,0.319,1.83,"TEL[migrated]1","Digital Archive","",""
20/12/2012 13:15,0.274,1.42,"TEL[migrated]1","Digital Archive","",""
24/12/2012 11:30,0.341,2.04,"TEL[migrated]1","Digital Archive","",""
29/12/2012 11:15,0.275,1.42,"TEL[migrated]1","Digital Archive","",""
12/01/2013 16:15,0.276,1.43,"TEL[migrated]1","Digital Archive","",""
26/01/2013 00:00,0.396,2.63,"TEL[migrated]1","Digital Archive","",""
27/01/2013 05:45,0.343,2.06,"TEL[migrated]1","Digital Archive","",""
28/01/2013 18:45,0.364,2.28,"TEL[migrated]1","Digital Archive","",""
30/01/2013 03:00,0.324,1.88,"TEL[migrated]1","Digital Archive","",""
10/02/2013 10:45,0.281,1.47,"TEL[migrated]1","Digital Archive","",""
22/03/2013 01:15,0.312,1.76,"TEL[migrated]1","Digital Archive","",""
04/11/2013 02:30,0.275,1.42,"TEL[migrated]1","Digital Archive","",""
24/12/2013 00:45,0.415,2.84,"TEL[migrated]1","Digital Archive","",""
01/01/2014 17:45,0.323,1.87,"TEL[migrated]1","Digital Archive","",""
05/01/2014 20:00,0.272,1.40,"TEL[migrated]1","Digital Archive","",""
07/01/2014 05:30,0.329,1.92,"TEL[migrated]1","Digital Archive","",""
18/01/2014 18:45,0.456,3.33,"TEL[migrated]1","Digital Archive","",""
04/02/2014 23:00,0.360,2.24,"TEL[migrated]1","Digital Archive","",""
07/02/2014 01:45,0.349,2.12,"TEL[migrated]1","Digital Archive","",""
15/01/2015 02:30,0.315,1.79,"TEL[migrated]1","Digital Archive","",""
03/01/2016 11:00,0.299,1.64,"TEL[migrated]1","Digital Archive","",""
09/01/2016 16:30,0.287,1.53,"TEL[migrated]1","Digital Archive","",""
06/02/2016 13:00,0.340,2.03,"TEL[migrated]1","Digital Archive","",""
10/02/2016 00:00,0.292,1.58,"TEL[migrated]1","Digital Archive","",""
28/03/2016 01:00,0.315,1.79,"TEL[migrated]1","Digital Archive","",""
28/05/2016 21:30,0.324,1.88,"TEL[migrated]1","Digital Archive","",""
20/11/2016 04:30,0.324,1.88,"TEL[migrated]1","Digital Archive","",""
21/11/2016 14:45,0.639,5.89,"TEL[migrated]1","Digital Archive","",""
25/12/2017 20:45,0.318,1.82,"TEL[migrated]1","Digital Archive","",""
26/12/2017 19:00,0.276,1.43,"TEL[migrated]1","Digital Archive","",""
21/01/2018 15:15,0.325,1.89,"TEL[migrated]1","Digital Archive","",""
05/03/2018 21:15,0.298,1.63,"TEL[migrated]1","Digital Archive","",""
15/03/2018 03:30,0.371,2.36,"TEL[migrated]1","Digital Archive","",""
30/03/2018 19:45,0.347,2.10,"TEL[migrated]1","Digital Archive","",""
02/04/2018 02:15,0.289,1.55,"TEL[migrated]1","Digital Archive","",""
11/04/2018 07:00,0.276,1.43,"TEL[migrated]1","Digital Archive","",""
08/02/2019 15:15,0.276,1.43,"TEL[migrated]1","Digital Archive","",""
19/12/2019 15:30,0.346,2.09,"TEL[migrated]1","Digital Archive","",""
26/12/2019 22:15,0.335,1.98,"TEL[migrated]1","Digital Archive","",""
09/01/2020 17:45,0.335,1.98,"TEL[migrated]1","Digital Archive","",""
13/02/2020 04:00,0.270,1.38,"TEL[migrated]1","Digital Archive","",""
15/02/2020 15:45,0.372,2.37,"TEL[migrated]1","Digital Archive","",""
29/02/2020 05:45,0.335,1.98,"TEL[migrated]1","Digital Archive","",""
02/03/2020 01:45,0.276,1.43,"TEL[migrated]1","Digital Archive","",""
05/03/2020 10:15,0.341,2.04,"TEL[migrated]1","Digital Archive","",""
04/10/2020 15:00,0.275,1.42,"TEL[migrated]1","Digital Archive","",""
23/12/2020 20:30,0.304,1.69,"TEL[migrated]1","Digital Archive","",""
27/12/2020 05:30,0.297,1.62,"TEL[migrated]1","Digital Archive","",""
20/01/2021 21:45,0.305,1.69,"TEL[migrated]1","Digital Archive","",""
30/01/2021 08:00,0.318,1.82,"TEL[migrated]1","Digital Archive","",""
13/05/2021 07:00,0.294,1.59,"TEL[migrated]1","Digital Archive","",""
