"NAME:","Tern at Ternhill"
"NUMBER:","54044"
"DATE","STAGE (m)","FLOW (m^3/s)","RATING","SOURCE","COMMENT","AMAX ONLY"
14/09/1972 13:00,0.210,0.70,"","Digital Archive","","AMAX ONLY"
06/08/1973 23:45,0.968,9.25,"2[migrated]2","Digital Archive","","AMAX ONLY"
12/02/1974 05:00,0.683,4.76,"2[migrated]2","Digital Archive","","AMAX ONLY"
19/04/1975 21:30,0.631,4.10,"2[migrated]2","Digital Archive","","AMAX ONLY"
22/03/1976 06:00,0.596,3.69,"2[migrated]2","Digital Archive","","AMAX ONLY"
11/02/1977 20:45,1.106,12.00,"2[migrated]2","Digital Archive","","AMAX ONLY"
29/01/1978 11:45,0.599,3.72,"2[migrated]2","Digital Archive","",""
05/02/1978 01:00,0.609,3.84,"2[migrated]2","Digital Archive","",""
25/12/1978 10:45,0.553,3.21,"2[migrated]2","Digital Archive","",""
28/12/1978 22:30,0.674,4.64,"2[migrated]2","Digital Archive","",""
02/02/1979 08:45,0.678,4.69,"2[migrated]2","Digital Archive","",""
29/03/1979 16:45,0.566,3.35,"2[migrated]2","Digital Archive","",""
31/05/1979 11:15,0.539,3.06,"2[migrated]2","Digital Archive","",""
14/12/1979 23:00,0.838,7.01,"2[migrated]2","Digital Archive","",""
28/12/1979 07:45,0.999,9.82,"2[migrated]2","Digital Archive","",""
04/01/1980 13:15,0.602,3.76,"2[migrated]2","Digital Archive","",""
22/01/1980 07:00,0.561,3.29,"2[migrated]2","Digital Archive","",""
01/02/1980 05:00,0.740,5.54,"2[migrated]2","Digital Archive","",""
05/02/1980 15:00,0.621,3.98,"2[migrated]2","Digital Archive","",""
09/02/1980 00:00,0.689,4.84,"2[migrated]2","Digital Archive","",""
23/02/1980 15:45,0.647,4.30,"2[migrated]2","Digital Archive","",""
13/03/1980 03:15,0.589,3.61,"2[migrated]2","Digital Archive","",""
28/10/1980 18:30,0.545,3.12,"2[migrated]2","Digital Archive","",""
15/01/1981 11:00,0.602,3.76,"2[migrated]2","Digital Archive","",""
10/02/1981 07:30,0.601,3.74,"2[migrated]2","Digital Archive","",""
11/03/1981 21:15,0.652,4.36,"2[migrated]2","Digital Archive","",""
22/03/1981 20:30,0.655,4.40,"2[migrated]2","Digital Archive","",""
02/06/1981 23:00,0.550,3.18,"2[migrated]2","Digital Archive","",""
21/10/1981 08:30,0.554,3.22,"2[migrated]2","Digital Archive","",""
25/10/1981 10:15,0.558,3.26,"2[migrated]2","Digital Archive","",""
19/11/1981 04:15,0.557,3.25,"2[migrated]2","Digital Archive","",""
31/12/1981 04:45,0.972,9.32,"2[migrated]2","Digital Archive","",""
06/01/1982 00:00,0.710,5.12,"2[migrated]2","Digital Archive","",""
07/03/1982 11:00,0.542,3.09,"2[migrated]2","Digital Archive","",""
15/03/1982 21:00,0.607,3.81,"2[migrated]2","Digital Archive","",""
20/10/1982 13:45,0.608,3.83,"2[migrated]2","Digital Archive","",""
08/12/1982 14:45,0.542,3.09,"2[migrated]2","Digital Archive","",""
05/01/1983 01:15,0.672,4.62,"2[migrated]2","Digital Archive","",""
21/04/1983 16:00,0.553,3.21,"2[migrated]2","Digital Archive","",""
02/05/1983 21:45,0.732,5.42,"2[migrated]2","Digital Archive","",""
29/01/1984 14:15,0.515,2.81,"2[migrated]2","Digital Archive","","AMAX ONLY"
10/11/1984 13:00,0.540,3.07,"2[migrated]2","Digital Archive","",""
24/11/1984 15:15,0.593,3.65,"2[migrated]2","Digital Archive","",""
22/12/1985 18:15,0.658,4.44,"2[migrated]2","Digital Archive","",""
11/01/1986 02:45,0.677,4.68,"2[migrated]2","Digital Archive","",""
17/04/1986 19:00,0.744,5.59,"2[migrated]2","Digital Archive","",""
26/11/1986 16:15,0.553,3.21,"2[migrated]2","Digital Archive","",""
30/12/1986 22:45,0.596,3.69,"2[migrated]2","Digital Archive","",""
20/06/1987 05:00,0.660,4.46,"2[migrated]2","Digital Archive","",""
24/08/1987 18:00,0.831,6.90,"2[migrated]2","Digital Archive","",""
17/10/1987 01:30,0.697,4.94,"2[migrated]2","Digital Archive","",""
06/01/1988 20:15,0.692,4.88,"2[migrated]2","Digital Archive","",""
24/01/1988 16:15,0.739,5.52,"2[migrated]2","Digital Archive","",""
14/03/1988 16:00,0.612,3.87,"2[migrated]2","Digital Archive","",""
20/03/1988 12:00,0.663,4.50,"2[migrated]2","Digital Archive","",""
07/04/1989 14:00,0.563,3.32,"2[migrated]2","Digital Archive","",""
15/12/1989 10:45,0.580,3.50,"2[migrated]2","Digital Archive","",""
22/12/1989 05:30,0.601,3.74,"2[migrated]2","Digital Archive","",""
28/01/1990 17:45,0.991,9.67,"2[migrated]2","Digital Archive","",""
08/02/1990 14:00,0.697,4.94,"2[migrated]2","Digital Archive","",""
10/01/1991 16:00,0.533,3.00,"2[migrated]2","Digital Archive","","AMAX ONLY"
22/12/1991 18:45,0.461,2.30,"2[migrated]2","Digital Archive","","AMAX ONLY"
18/11/1992 11:15,0.547,3.14,"2[migrated]2","Digital Archive","",""
03/12/1992 11:45,0.719,5.24,"2[migrated]2","Digital Archive","",""
14/01/1993 08:30,0.558,3.26,"2[migrated]2","Digital Archive","",""
28/05/1993 07:30,0.552,3.20,"2[migrated]2","Digital Archive","",""
14/11/1993 22:45,0.585,3.56,"2[migrated]2","Digital Archive","",""
07/12/1993 23:45,0.585,3.56,"2[migrated]2","Digital Archive","",""
13/12/1993 11:00,0.579,3.49,"2[migrated]2","Digital Archive","",""
04/01/1994 11:30,0.574,3.44,"2[migrated]2","Digital Archive","",""
13/01/1994 13:45,0.537,3.04,"2[migrated]2","Digital Archive","",""
19/03/1994 13:15,0.546,3.13,"2[migrated]2","Digital Archive","",""
27/12/1994 23:15,0.775,6.04,"2[migrated]2","Digital Archive","",""
26/01/1995 14:15,0.673,4.63,"2[migrated]2","Digital Archive","",""
14/02/1995 01:30,0.624,4.02,"2[migrated]2","Digital Archive","",""
17/02/1995 12:30,0.606,3.80,"2[migrated]2","Digital Archive","",""
13/02/1996 03:15,0.430,2.05,"2[migrated]1","Digital Archive","","AMAX ONLY"
20/12/1996 15:15,0.565,3.34,"2[migrated]2","Digital Archive","",""
27/06/1997 15:30,0.593,3.65,"2[migrated]2","Digital Archive","",""
29/12/1997 14:45,0.569,3.38,"2[migrated]2","Digital Archive","",""
05/01/1998 08:15,0.550,3.18,"2[migrated]2","Digital Archive","",""
04/03/1998 21:45,0.629,4.08,"2[migrated]2","Digital Archive","",""
11/04/1998 11:00,0.670,4.59,"2[migrated]2","Digital Archive","",""
23/10/1998 23:15,1.111,12.10,"2[migrated]2","Digital Archive","",""
07/01/1999 11:30,0.568,3.37,"2[migrated]2","Digital Archive","",""
16/01/1999 18:00,0.555,3.23,"2[migrated]2","Digital Archive","",""
28/01/1999 23:00,0.748,5.65,"2[migrated]2","Digital Archive","",""
03/10/1999 02:45,0.847,7.16,"2[migrated]2","Digital Archive","",""
26/10/1999 05:30,0.718,5.23,"2[migrated]2","Digital Archive","",""
28/02/2000 14:30,0.614,3.90,"2[migrated]2","Digital Archive","",""
23/04/2000 02:45,0.563,3.32,"2[migrated]2","Digital Archive","",""
27/09/2000 03:15,0.549,3.16,"2[migrated]2","Digital Archive","",""
30/10/2000 23:45,1.153,13.00,"2[migrated]2","Digital Archive","",""
03/11/2000 11:45,0.599,3.72,"2[migrated]2","Digital Archive","",""
06/11/2000 20:45,1.381,18.40,"2[migrated]2","Digital Archive","",""
22/11/2000 21:00,0.561,3.29,"2[migrated]2","Digital Archive","",""
28/11/2000 17:45,0.581,3.52,"2[migrated]2","Digital Archive","",""
08/12/2000 17:45,0.686,4.80,"2[migrated]2","Digital Archive","",""
13/12/2000 13:00,0.624,4.02,"2[migrated]2","Digital Archive","",""
01/01/2001 19:00,0.579,3.49,"2[migrated]2","Digital Archive","",""
24/01/2001 11:00,0.537,3.04,"2[migrated]2","Digital Archive","",""
05/02/2001 01:30,0.548,3.15,"2[migrated]2","Digital Archive","",""
13/02/2001 00:30,0.753,5.72,"2[migrated]2","Digital Archive","",""
06/04/2001 02:00,0.614,3.90,"2[migrated]2","Digital Archive","",""
09/04/2001 08:00,0.569,3.38,"2[migrated]2","Digital Archive","",""
15/05/2001 19:30,0.751,5.69,"2[migrated]2","Digital Archive","",""
27/10/2001 10:00,0.732,5.42,"2[migrated]2","Digital Archive","",""
20/02/2002 17:15,0.569,3.38,"2[migrated]2","Digital Archive","",""
26/02/2002 13:00,0.622,3.99,"2[migrated]2","Digital Archive","",""
09/11/2002 14:00,0.596,3.69,"2[migrated]2","Digital Archive","",""
15/11/2002 01:45,0.613,3.88,"2[migrated]2","Digital Archive","",""
22/12/2002 20:45,0.613,3.88,"2[migrated]2","Digital Archive","",""
30/12/2002 04:15,0.627,4.05,"2[migrated]2","Digital Archive","",""
03/01/2003 21:15,0.666,4.54,"2[migrated]2","Digital Archive","",""
01/02/2004 03:30,0.571,3.40,"2[migrated]2","Digital Archive","",""
05/02/2004 01:45,0.678,4.69,"2[migrated]2","Digital Archive","",""
19/11/2004 13:00,0.546,3.13,"2[migrated]2","Digital Archive","",""
31/03/2005 10:30,0.624,4.02,"2[migrated]2","Digital Archive","",""
09/11/2005 16:00,0.755,5.75,"2[migrated]2","Digital Archive","",""
06/12/2005 04:15,0.592,3.64,"2[migrated]2","Digital Archive","",""
16/12/2006 15:45,0.593,3.65,"2[migrated]2","Digital Archive","",""
18/01/2007 23:15,0.617,3.93,"2[migrated]2","Digital Archive","",""
11/02/2007 13:45,0.545,3.12,"2[migrated]2","Digital Archive","",""
05/03/2007 10:00,0.565,3.34,"2[migrated]2","Digital Archive","",""
21/06/2007 04:15,0.581,3.52,"2[migrated]2","Digital Archive","",""
26/06/2007 11:45,1.238,14.90,"2[migrated]2","Digital Archive","",""
04/07/2007 01:00,0.552,3.20,"2[migrated]2","Digital Archive","",""
21/07/2007 23:00,0.640,4.21,"2[migrated]2","Digital Archive","",""
16/01/2008 02:30,0.663,4.50,"2[migrated]2","Digital Archive","",""
07/09/2008 01:00,0.736,5.48,"2[migrated]2","Digital Archive","",""
14/12/2008 05:30,0.663,4.50,"2[migrated]2","Digital Archive","",""
24/11/2009 04:30,0.542,3.09,"2[migrated]2","Digital Archive","",""
16/01/2010 20:15,0.545,3.13,"2[migrated]2","Digital Archive","",""
26/02/2011 20:15,0.505,2.71,"2[migrated]2","Digital Archive","","AMAX ONLY"
30/04/2012 02:00,0.570,3.39,"2[migrated]2","Digital Archive","",""
07/07/2012 17:00,0.723,5.30,"2[migrated]2","Digital Archive","",""
11/07/2012 02:00,0.635,4.15,"2[migrated]2","Digital Archive","",""
25/09/2012 12:00,1.085,11.50,"2[migrated]2","Digital Archive","",""
12/10/2012 16:15,0.596,3.69,"2[migrated]2","Digital Archive","",""
26/11/2012 01:15,0.841,7.06,"2[migrated]2","Digital Archive","",""
15/12/2012 07:45,0.577,3.47,"2[migrated]2","Digital Archive","",""
21/12/2012 16:00,0.769,5.96,"2[migrated]2","Digital Archive","",""
30/12/2012 00:15,0.538,3.05,"2[migrated]2","Digital Archive","",""
27/01/2013 20:30,1.276,15.80,"2[migrated]2","Digital Archive","",""
11/02/2013 10:00,0.754,5.74,"2[migrated]2","Digital Archive","",""
14/02/2013 16:15,0.706,5.07,"2[migrated]2","Digital Archive","",""
29/01/2014 04:45,0.598,3.71,"2[migrated]2","Digital Archive","",""
01/02/2014 11:00,0.540,3.07,"2[migrated]2","Digital Archive","",""
06/02/2014 10:45,0.664,4.51,"2[migrated]2","Digital Archive","",""
12/02/2014 01:30,0.559,3.27,"2[migrated]2","Digital Archive","",""
22/11/2014 16:30,0.543,3.10,"2[migrated]2","Digital Archive","",""
04/01/2016 05:00,0.600,3.73,"2[migrated]2","Digital Archive","",""
10/01/2016 09:30,0.595,3.68,"2[migrated]2","Digital Archive","",""
08/02/2016 22:45,0.579,3.49,"2[migrated]2","Digital Archive","",""
10/03/2016 01:15,0.594,3.66,"2[migrated]2","Digital Archive","",""
28/03/2016 20:15,0.675,4.66,"2[migrated]2","Digital Archive","",""
23/11/2016 01:45,0.652,4.36,"2[migrated]2","Digital Archive","",""
01/02/2017 17:30,0.607,3.82,"2[migrated]2","Digital Archive","",""
02/04/2018 22:15,0.533,3.00,"2[migrated]2","Digital Archive","","AMAX ONLY"
13/06/2019 12:00,0.735,5.47,"2[migrated]2","Digital Archive","",""
02/10/2019 11:00,0.625,4.03,"2[migrated]2","Digital Archive","",""
26/10/2019 22:00,1.579,23.92,"2[migrated]2","Digital Archive","",""
09/11/2019 00:30,0.705,5.05,"2[migrated]2","Digital Archive","",""
13/12/2019 16:30,0.549,3.17,"2[migrated]2","Digital Archive","",""
20/12/2019 12:15,0.546,3.13,"2[migrated]2","Digital Archive","",""
10/02/2020 04:15,0.670,4.59,"2[migrated]2","Digital Archive","",""
16/02/2020 19:00,1.364,17.97,"2[migrated]2","Digital Archive","",""
24/02/2020 23:45,0.714,5.18,"2[migrated]2","Digital Archive","",""
29/02/2020 02:15,0.611,3.86,"2[migrated]2","Digital Archive","",""
05/10/2020 05:00,0.573,3.43,"2[migrated]2","Digital Archive","",""
22/12/2020 19:15,0.569,3.38,"2[migrated]2","Digital Archive","",""
27/12/2020 23:15,0.586,3.57,"2[migrated]2","Digital Archive","",""
15/01/2021 06:30,0.728,5.37,"2[migrated]2","Digital Archive","",""
21/01/2021 11:00,1.479,21.05,"2[migrated]2","Digital Archive","",""
29/01/2021 01:30,0.704,5.04,"2[migrated]2","Digital Archive","",""
03/02/2021 07:00,0.612,3.87,"2[migrated]2","Digital Archive","",""
25/05/2021 11:15,0.656,4.41,"2[migrated]2","Digital Archive","",""
