"NAME:","Taf at Clog-y-Fran"
"NUMBER:","60003"
"DATE","STAGE (m)","FLOW (m^3/s)","RATING","SOURCE","COMMENT","AMAX ONLY"
13/12/1964 00:00,3.190,77.74,"J2","CEH POTS 6-3-72","Threshold 2.580m applied",""
13/01/1965 00:00,2.620,37.73,"J1","CEH POTS 6-3-72","Threshold 2.580m applied",""
28/11/1965 00:00,2.970,51.64,"J2","CEH POTS 6-3-72","Threshold 2.580m applied",""
09/12/1965 00:00,3.090,64.78,"J2","CEH POTS 6-3-72","Threshold 2.580m applied",""
15/12/1965 00:00,2.740,40.68,"J1","CEH POTS 6-3-72","Threshold 2.580m applied",""
17/12/1965 00:00,3.170,74.99,"J2","CEH POTS 6-3-72","Threshold 2.580m applied",""
22/12/1965 00:00,3.020,56.82,"J2","CEH POTS 6-3-72","Threshold 2.580m applied",""
29/12/1965 00:00,2.990,53.66,"J2","CEH POTS 6-3-72","Threshold 2.580m applied",""
25/02/1966 00:00,2.640,38.22,"J1","CEH POTS 6-3-72","Threshold 2.580m applied",""
22/04/1966 00:00,3.130,69.73,"J2","CEH POTS 6-3-72","Threshold 2.580m applied",""
19/10/1966 00:00,3.020,56.82,"J2","CEH POTS 6-3-72","Threshold 2.580m applied",""
04/11/1966 00:00,2.590,37.01,"J1","CEH POTS 6-3-72","Threshold 2.580m applied",""
13/12/1966 00:00,3.030,57.91,"J2","CEH POTS 6-3-72","Threshold 2.580m applied",""
26/02/1967 00:00,3.170,74.99,"J2","CEH POTS 6-3-72","Threshold 2.580m applied",""
01/10/1967 09:00,3.190,77.74,"J2","CEH POTS 6-3-72","Threshold 2.580m applied",""
16/10/1967 00:00,3.030,57.91,"J2","CEH POTS 6-3-72","Threshold 2.580m applied",""
02/11/1967 00:00,2.590,37.01,"J1","CEH POTS 6-3-72","Threshold 2.580m applied",""
08/01/1968 00:00,2.850,43.43,"J1","CEH POTS 6-3-72","Threshold 2.580m applied",""
16/01/1968 09:00,2.680,39.20,"J1","CEH POTS 6-3-72","Threshold 2.580m applied",""
01/11/1968 00:00,2.820,42.68,"J1","CEH POTS 6-3-72","Threshold 2.580m applied",""
27/11/1968 00:00,2.650,38.47,"J1","CEH POTS 6-3-72","Threshold 2.580m applied",""
21/12/1968 00:00,2.810,42.43,"J1","CEH POTS 6-3-72","Threshold 2.580m applied",""
25/12/1968 00:00,2.770,41.43,"J1","CEH POTS 6-3-72","Threshold 2.580m applied",""
17/01/1969 00:00,3.050,60.13,"J2","CEH POTS 6-3-72","Threshold 2.580m applied",""
21/01/1969 00:00,3.100,65.99,"J2","CEH POTS 6-3-72","Threshold 2.580m applied",""
02/12/1969 00:00,2.820,42.68,"J1","CEH AMAX 23-2-77","Threshold 42.000 cumecs applied",""
03/12/1969 00:00,2.820,42.68,"J1","CEH AMAX 23-2-77","Threshold 42.000 cumecs applied",""
14/12/1969 00:00,3.020,56.82,"J2","CEH AMAX 23-2-77","Threshold 42.000 cumecs applied",""
18/01/1970 00:00,2.800,42.18,"J1","CEH AMAX 23-2-77","Threshold 42.000 cumecs applied",""
21/01/1970 00:00,2.650,38.47,"J1","CEH AMAX 23-2-77","Threshold 42.000 cumecs applied",""
23/01/1970 00:00,2.830,42.93,"J1","CEH AMAX 23-2-77","Threshold 42.000 cumecs applied",""
24/01/1970 00:00,2.620,37.73,"J1","CEH AMAX 23-2-77","Threshold 42.000 cumecs applied",""
01/02/1970 00:00,2.560,36.28,"J1","CEH AMAX 23-2-77","Threshold 42.000 cumecs applied",""
02/11/1970 00:00,2.950,49.68,"J2","CEH AMAX 23-2-77","Threshold 42.000 cumecs applied",""
17/11/1970 00:00,3.130,69.73,"J2","CEH AMAX 23-2-77","Threshold 42.000 cumecs applied",""
23/11/1970 00:00,2.840,43.18,"J1","CEH AMAX 23-2-77","Threshold 42.000 cumecs applied",""
19/10/1971 00:00,2.630,37.98,"J1","CEH AMAX 23-2-77","Threshold 42.000 cumecs applied",""
20/11/1971 00:00,3.050,60.13,"J2","CEH AMAX 23-2-77","Threshold 42.000 cumecs applied",""
30/11/1971 00:00,3.070,62.42,"J2","CEH AMAX 23-2-77","Threshold 42.000 cumecs applied",""
15/02/1972 00:00,2.840,43.18,"J1","CEH AMAX 23-2-77","Threshold 42.000 cumecs applied",""
07/06/1972 00:00,2.650,38.47,"J1","CEH AMAX 23-2-77","Threshold 42.000 cumecs applied",""
04/12/1972 00:00,3.020,56.82,"J2","CEH AMAX 23-2-77","Threshold 42.000 cumecs applied",""
06/12/1972 00:00,2.800,42.18,"J1","CEH AMAX 23-2-77","Threshold 42.000 cumecs applied",""
12/12/1972 00:00,2.920,46.86,"J2","CEH AMAX 23-2-77","Threshold 42.000 cumecs applied",""
04/01/1974 00:00,3.080,63.59,"J2","CEH POTS 21-2-86","Threshold 2.7m applied",""
08/01/1974 00:00,3.210,80.57,"J2","CEH POTS 21-2-86","Threshold 2.7m applied",""
10/01/1974 00:00,3.220,82.02,"J2","CEH POTS 21-2-86","Threshold 2.7m applied",""
16/01/1974 00:00,3.020,56.82,"J2","CEH POTS 21-2-86","Threshold 2.7m applied",""
30/01/1974 00:00,2.800,42.18,"J1","CEH POTS 21-2-86","Threshold 2.7m applied",""
11/02/1974 00:00,2.860,43.69,"J1","CEH POTS 21-2-86","Threshold 2.7m applied",""
14/02/1974 00:00,3.160,73.65,"J2","CEH POTS 21-2-86","Threshold 2.7m applied",""
15/09/1974 00:00,2.750,40.93,"J1","CEH POTS 21-2-86","Threshold 2.7m applied",""
13/11/1974 00:00,3.100,65.99,"J2","CEH POTS 21-2-86","Threshold 2.7m applied",""
19/01/1975 00:00,2.900,45.05,"J2","CEH POTS 21-2-86","Threshold 2.7m applied",""
22/01/1975 00:00,3.030,57.91,"J2","CEH POTS 21-2-86","Threshold 2.7m applied",""
25/01/1975 00:00,2.760,41.18,"J1","CEH POTS 21-2-86","Threshold 2.7m applied",""
28/01/1975 00:00,2.990,53.66,"J2","CEH POTS 21-2-86","Threshold 2.7m applied",""
31/01/1975 00:00,3.040,59.01,"J2","CEH POTS 21-2-86","Threshold 2.7m applied",""
21/04/1975 00:00,2.920,46.86,"J2","CEH POTS 21-2-86","Threshold 2.7m applied",""
23/11/1975 00:00,3.070,62.42,"J2","CEH POTS 21-2-86","Threshold 2.7m applied",""
01/12/1975 00:00,3.090,64.78,"J2","CEH POTS 21-2-86","Threshold 2.7m applied",""
15/10/1976 00:00,3.010,55.75,"J2","CEH POTS 21-2-86","Threshold 2.7m applied",""
17/10/1976 00:00,2.910,45.95,"J2","CEH POTS 21-2-86","Threshold 2.7m applied",""
23/10/1976 00:00,2.770,41.43,"J1","CEH POTS 21-2-86","Threshold 2.7m applied",""
02/02/1977 00:00,2.980,52.65,"J2","CEH POTS 21-2-86","Threshold 2.7m applied",""
10/02/1977 00:00,3.110,67.22,"J2","CEH POTS 21-2-86","Threshold 2.7m applied",""
31/10/1977 00:00,3.200,79.15,"J2","CEH POTS 21-2-86","Threshold 2.7m applied",""
01/11/1977 00:00,3.240,84.98,"J2","CEH POTS 21-2-86","Threshold 2.7m applied",""
23/01/1978 00:00,2.760,41.18,"J1","CEH POTS 21-2-86","Threshold 2.7m applied",""
14/02/1978 00:00,2.920,46.86,"J2","CEH POTS 21-2-86","Threshold 2.7m applied",""
27/12/1978 00:00,2.760,41.18,"J1","CEH POTS 21-2-86","Threshold 2.7m applied",""
01/02/1979 00:00,3.160,73.65,"J2","CEH POTS 21-2-86","Threshold 2.7m applied",""
24/10/1979 00:00,2.820,42.68,"J1","CEH POTS 21-2-86","Threshold 2.7m applied",""
16/11/1979 00:00,2.820,42.68,"J1","CEH POTS 21-2-86","Threshold 2.7m applied",""
14/12/1979 00:00,3.000,54.70,"J2","CEH POTS 21-2-86","Threshold 2.7m applied",""
27/12/1979 00:00,3.200,79.15,"J2","CEH POTS 21-2-86","Threshold 2.7m applied",""
08/02/1980 00:00,3.180,76.36,"J2","CEH POTS 21-2-86","Threshold 2.7m applied",""
27/10/1980 00:00,2.890,44.44,"J1","CEH POTS 21-2-86","Threshold 2.7m applied",""
22/11/1980 00:00,3.120,68.47,"J2","CEH POTS 21-2-86","Threshold 2.7m applied",""
11/03/1981 00:00,3.250,86.49,"J2","CEH POTS 21-2-86","Threshold 2.7m applied",""
21/03/1981 00:00,3.210,80.57,"J2","CEH POTS 21-2-86","Threshold 2.7m applied",""
19/09/1981 00:00,2.730,40.43,"J1","CEH POTS 21-2-86","Threshold 2.7m applied",""
02/10/1981 00:00,3.250,86.49,"J2","CEH POTS 21-2-86","Threshold 2.7m applied.",""
08/10/1981 00:00,3.200,79.15,"J2","CEH POTS 21-2-86","Threshold 2.7m applied",""
20/12/1981 00:00,3.060,61.27,"J2","CEH POTS 21-2-86","Threshold 2.7m applied",""
10/03/1982 08:45,2.923,47.13,"J2","Digital Archive","",""
15/03/1982 06:00,2.815,42.55,"J1","Digital Archive","",""
02/10/1982 05:30,3.187,77.32,"J2","Digital Archive","",""
20/10/1982 20:15,3.025,57.36,"J2","Digital Archive","",""
12/11/1982 15:15,3.007,55.43,"J2","Digital Archive","",""
15/12/1983 05:15,2.950,49.68,"J2","Digital Archive","",""
25/10/1984 06:30,3.054,60.58,"J2","Digital Archive","",""
24/08/1985 03:45,3.025,57.36,"J2","Digital Archive","",""
22/12/1985 03:00,3.034,58.34,"J2","Digital Archive","",""
31/12/1985 07:30,3.047,59.79,"J2","Digital Archive","",""
02/01/1986 00:00,3.086,64.31,"J2","Digital Archive","",""
10/01/1986 16:45,3.081,63.71,"J2","Digital Archive","",""
25/08/1986 23:15,3.339,100.96,"J2","Digital Archive","",""
14/11/1986 19:45,3.129,69.61,"J2","Digital Archive","",""
19/11/1986 03:00,3.208,80.28,"J2","Digital Archive","",""
21/11/1986 03:15,3.153,72.72,"J2","Digital Archive","",""
26/11/1986 00:00,3.002,54.91,"J2","Digital Archive","",""
01/01/1987 03:30,3.244,85.63,"J2","Digital Archive","",""
27/03/1987 04:45,3.093,65.19,"J2","Digital Archive","",""
16/10/1987 08:00,2.916,47.80,"J2","Digital Archive","",""
18/10/1987 17:00,3.252,86.80,"J2","Digital Archive","",""
21/10/1987 08:00,3.071,62.55,"J2","Digital Archive","",""
31/12/1987 02:30,3.046,59.68,"J2","Digital Archive","",""
02/01/1988 17:15,3.094,65.27,"J2","Digital Archive","",""
13/01/1988 01:45,3.137,70.59,"J2","Digital Archive","",""
24/01/1988 09:45,3.082,63.78,"J2","Digital Archive","",""
01/02/1988 01:30,3.156,73.12,"J2","Digital Archive","",""
19/03/1988 22:45,3.071,62.59,"J2","Digital Archive","",""
18/08/1988 15:00,3.093,65.91,"J2","Digital Archive","",""
27/10/1988 07:15,3.087,65.68,"J2","Digital Archive","",""
24/02/1989 14:30,3.214,78.70,"J2","Digital Archive","",""
02/03/1989 13:00,2.800,42.18,"J1","Digital Archive","",""
06/03/1989 13:30,2.871,43.96,"J1","Digital Archive","",""
09/03/1989 14:30,3.114,67.47,"J2","Digital Archive","",""
15/03/1989 01:45,3.188,75.65,"J2","Digital Archive","",""
11/11/1989 10:45,3.008,55.57,"J2","Digital Archive","",""
25/12/1989 01:15,3.056,60.85,"J2","Digital Archive","",""
28/01/1990 05:00,3.281,91.35,"J2","Digital Archive","",""
07/02/1990 18:45,3.065,61.82,"J2","Digital Archive","",""
24/11/1990 06:30,3.050,60.13,"J2","Digital Archive","",""
09/01/1991 22:15,3.096,65.51,"J2","Digital Archive","",""
18/03/1991 23:15,3.039,58.90,"J2","Digital Archive","",""
31/10/1991 18:15,3.245,85.73,"J2","Digital Archive","",""
30/08/1992 07:45,3.210,80.57,"J2","Digital Archive","",""
02/12/1992 14:30,3.259,87.87,"J2","Digital Archive","",""
18/12/1992 13:45,3.223,82.46,"J2","Digital Archive","",""
13/11/1993 15:15,3.169,74.86,"J2","Digital Archive","",""
12/12/1993 20:00,3.169,74.86,"J2","Digital Archive","",""
19/12/1993 09:30,3.141,71.15,"J2","Digital Archive","",""
02/01/1994 02:00,2.984,53.05,"J2","Digital Archive","",""
03/01/1994 17:15,3.144,71.54,"J2","Digital Archive","",""
26/02/1994 00:45,3.164,74.18,"J2","Digital Archive","",""
09/11/1994 04:30,3.120,68.47,"J2","Digital Archive","",""
04/12/1994 12:30,3.139,70.89,"J2","Digital Archive","",""
07/12/1994 09:00,3.198,78.86,"J2","Digital Archive","",""
27/12/1994 14:30,3.165,74.32,"J2","Digital Archive","",""
27/01/1995 18:15,3.174,75.53,"J2","Digital Archive","",""
29/01/1995 18:45,2.986,53.25,"J2","Digital Archive","",""
11/02/1995 18:15,3.091,64.90,"J2","Digital Archive","",""
13/02/1995 10:30,3.165,74.32,"J2","Digital Archive","",""
22/12/1995 17:45,3.095,44.97,"Q3","Digital Archive","","AMAX ONLY"
06/08/1997 19:30,3.111,47.02,"Q4","Digital Archive","","AMAX ONLY"
18/11/1997 11:15,3.253,72.49,"Q4","Digital Archive","",""
22/11/1997 19:15,3.123,48.90,"Q4","Digital Archive","",""
24/11/1997 21:15,3.152,53.64,"Q4","Digital Archive","",""
28/11/1997 16:30,3.167,56.21,"Q4","Digital Archive","",""
01/01/1998 20:30,3.127,49.54,"Q4","Digital Archive","",""
03/01/1998 12:45,3.247,71.26,"Q4","Digital Archive","",""
07/03/1998 00:30,3.157,54.49,"Q4","Digital Archive","",""
23/10/1998 05:00,3.263,74.56,"Q4","Digital Archive","",""
24/10/1998 18:45,3.244,70.66,"Q4","Digital Archive","",""
03/11/1998 15:45,3.142,51.97,"Q4","Digital Archive","",""
09/11/1998 08:45,3.208,63.63,"Q4","Digital Archive","",""
04/01/1999 09:15,3.144,52.31,"Q4","Digital Archive","",""
16/01/1999 05:00,3.164,55.69,"Q4","Digital Archive","",""
21/12/1999 08:00,3.220,65.92,"Q4","Digital Archive","",""
25/12/1999 03:45,3.170,56.73,"Q4","Digital Archive","",""
28/10/2000 23:00,3.189,60.12,"Q4","Digital Archive","",""
30/10/2000 09:30,3.309,84.58,"Q4","Digital Archive","",""
28/11/2000 09:30,3.179,58.32,"Q4","Digital Archive","",""
01/12/2000 11:00,3.255,72.90,"Q4","Digital Archive","",""
04/12/2000 11:00,3.137,51.15,"Q4","Digital Archive","",""
08/12/2000 04:30,3.290,80.34,"Q4","Digital Archive","",""
11/12/2000 17:45,3.282,78.60,"Q4","Digital Archive","",""
01/01/2001 02:00,3.170,56.73,"Q4","Digital Archive","",""
12/02/2001 14:30,3.172,57.08,"Q4","Digital Archive","",""
08/10/2001 07:00,3.203,62.70,"Q4","Digital Archive","",""
25/01/2002 19:00,3.139,51.48,"Q4","Digital Archive","",""
02/02/2002 04:30,3.194,61.03,"Q4","Digital Archive","",""
14/11/2002 12:00,3.290,80.34,"Q4","Digital Archive","",""
27/11/2002 19:45,3.297,81.88,"Q4","Digital Archive","",""
31/01/2004 16:15,3.254,72.69,"Q4","Digital Archive","",""
04/02/2004 19:15,3.287,79.68,"Q4","Digital Archive","",""
22/10/2004 22:45,3.262,74.35,"Q4","Digital Archive","",""
12/10/2005 02:00,3.297,81.88,"Q4","Digital Archive","",""
06/11/2005 15:30,3.205,63.07,"Q4","Digital Archive","",""
08/11/2005 17:00,3.365,97.91,"Q4","Digital Archive","",""
27/11/2006 07:15,3.126,49.38,"Q4","Digital Archive","",""
03/12/2006 14:15,3.243,70.45,"Q4","Digital Archive","",""
11/12/2006 17:15,3.190,60.30,"Q4","Digital Archive","",""
06/03/2007 08:00,3.264,74.77,"Q4","Digital Archive","",""
14/07/2007 04:00,3.273,76.67,"Q4","Digital Archive","",""
08/12/2007 21:45,3.227,67.28,"Q4","Digital Archive","",""
15/01/2008 14:30,3.317,86.40,"Q4","Digital Archive","",""
12/08/2008 06:30,3.235,68.86,"Q4","Digital Archive","",""
19/08/2008 06:45,3.195,48.28,"V3","Digital Archive","",""
05/09/2008 18:30,3.295,62.67,"V3","Digital Archive","",""
07/10/2008 17:00,3.327,67.28,"V3","Digital Archive","",""
26/10/2008 11:00,3.318,66.03,"V3","Digital Archive","",""
29/10/2008 23:15,3.296,62.84,"V3","Digital Archive","",""
13/12/2008 04:15,3.303,63.80,"V3","Digital Archive","",""
16/01/2009 01:30,3.225,52.52,"V3","Digital Archive","",""
22/01/2009 11:45,3.271,59.12,"V3","Digital Archive","",""
25/01/2009 11:45,3.250,56.09,"V3","Digital Archive","",""
17/07/2009 10:15,3.196,48.42,"V3","Digital Archive","",""
01/11/2009 13:30,3.355,71.53,"V3","Digital Archive","",""
14/11/2009 02:15,3.334,68.39,"V3","Digital Archive","",""
16/11/2009 17:30,3.245,55.37,"V3","Digital Archive","",""
20/11/2009 07:45,3.320,66.31,"V3","Digital Archive","",""
21/11/2009 23:30,3.271,59.12,"V3","Digital Archive","",""
06/12/2009 08:00,3.281,60.58,"V3","Digital Archive","",""
16/01/2010 11:30,3.364,72.89,"V3","Digital Archive","",""
08/11/2010 08:30,3.220,51.81,"V3","Digital Archive","",""
13/01/2011 06:00,3.256,56.95,"V3","Digital Archive","",""
23/12/2011 23:30,3.214,50.96,"V3","Digital Archive","",""
05/08/2012 15:45,3.369,73.64,"V3","Digital Archive","",""
05/11/2012 00:00,3.363,72.74,"V3","Digital Archive","",""
22/11/2012 22:30,3.387,76.37,"V3","Digital Archive","",""
25/11/2012 02:45,3.250,56.09,"V3","Digital Archive","",""
20/12/2012 15:15,3.197,48.56,"V3","Digital Archive","",""
22/12/2012 19:30,3.379,75.15,"V3","Digital Archive","",""
29/12/2012 14:30,3.356,71.68,"V3","Digital Archive","",""
26/01/2013 02:15,3.433,83.41,"V3","Digital Archive","",""
14/02/2013 10:15,3.325,67.05,"V3","Digital Archive","",""
19/12/2013 05:45,3.345,70.03,"V3","Digital Archive","",""
24/12/2013 04:00,3.413,80.33,"V3","Digital Archive","",""
27/12/2013 10:30,3.321,66.46,"V3","Digital Archive","",""
30/12/2013 14:45,3.381,75.46,"V3","Digital Archive","",""
01/01/2014 20:00,3.358,71.98,"V3","Digital Archive","",""
05/01/2014 23:45,3.292,62.19,"V3","Digital Archive","",""
31/01/2014 17:30,3.292,62.19,"V3","Digital Archive","",""
04/02/2014 04:00,3.391,76.97,"V3","Digital Archive","",""
08/02/2014 03:15,3.313,65.28,"V3","Digital Archive","",""
11/02/2014 16:45,3.328,67.50,"V3","Digital Archive","",""
15/02/2014 00:15,3.395,77.58,"V3","Digital Archive","",""
07/11/2014 20:30,3.354,71.38,"V3","Digital Archive","",""
12/11/2014 03:15,3.424,82.02,"V3","Digital Archive","",""
15/01/2015 03:00,3.276,59.85,"V3","Digital Archive","",""
07/11/2015 13:45,3.311,64.98,"V3","Digital Archive","",""
04/12/2015 06:45,3.277,60.00,"V3","Digital Archive","",""
20/12/2015 02:30,3.492,92.60,"V3","Digital Archive","",""
30/12/2015 22:30,3.301,63.43,"V3","Digital Archive","",""
03/01/2016 17:00,3.426,82.40,"V3","Digital Archive","",""
07/01/2016 09:00,3.427,82.53,"V3","Digital Archive","",""
11/01/2016 06:30,3.422,81.76,"V3","Digital Archive","",""
22/01/2016 14:15,3.332,68.13,"V3","Digital Archive","",""
27/01/2016 01:00,3.413,80.32,"V3","Digital Archive","",""
28/03/2016 12:00,3.220,51.84,"V3","Digital Archive","",""
22/11/2016 04:45,3.274,59.56,"V3","Digital Archive","",""
04/02/2017 03:45,3.403,78.77,"V3","Digital Archive","",""
22/03/2017 02:45,3.321,66.46,"V3","Digital Archive","",""
15/01/2018 13:00,3.204,49.55,"V3","Digital Archive","",""
21/01/2018 21:15,3.430,82.95,"V3","Digital Archive","",""
02/04/2018 17:00,3.213,50.75,"V3","Digital Archive","",""
13/10/2018 20:30,3.440,84.57,"V3","Digital Archive","",""
07/11/2018 13:15,3.418,81.10,"V3","Digital Archive","",""
10/11/2018 04:15,3.403,78.80,"V3","Digital Archive","",""
11/11/2018 16:45,3.279,60.29,"V3","Digital Archive","",""
05/12/2018 19:30,3.391,76.97,"V3","Digital Archive","",""
07/12/2018 12:30,3.383,75.76,"V3","Digital Archive","",""
18/12/2018 23:15,3.196,48.42,"V3","Digital Archive","",""
29/09/2019 11:45,3.286,61.32,"V3","Digital Archive","",""
26/10/2019 11:15,3.323,66.72,"V3","Digital Archive","",""
16/02/2020 07:15,3.424,82.02,"V3","Digital Archive","",""
24/02/2020 20:45,3.214,50.96,"V3","Digital Archive","",""
29/02/2020 04:00,3.287,61.45,"V3","Digital Archive","",""
25/08/2020 13:45,3.449,85.89,"V3","Digital Archive","",""
13/12/2020 16:45,3.398,78.01,"V3","Digital Archive","",""
16/12/2020 10:45,3.311,64.93,"V3","Digital Archive","",""
19/12/2020 02:15,3.428,82.64,"V3","Digital Archive","",""
20/01/2021 20:15,3.423,81.87,"V3","Digital Archive","",""
14/02/2021 20:30,3.224,52.37,"V3","Digital Archive","",""
20/02/2021 03:00,3.408,79.57,"V3","Digital Archive","",""
