"NAME:","Eastern Cleddau at Canaston Bridge"
"NUMBER:","61002"
"DATE","STAGE (m)","FLOW (m^3/s)","RATING","SOURCE","COMMENT","AMAX ONLY"
30/11/1959 00:00,1.830,46.37,"Z2","CEH POTS 15-12-72","Threshold 1.722m applied",""
29/12/1959 00:00,1.810,45.49,"Z2","CEH POTS 15-12-72","Threshold 1.722m applied",""
23/01/1960 00:00,1.830,46.37,"Z2","CEH POTS 15-12-72","Threshold 1.722m applied",""
24/01/1960 00:00,2.130,60.27,"Z4","CEH POTS 15-12-72","Threshold 1.722m applied",""
02/02/1960 00:00,1.920,50.43,"Z4","CEH POTS 15-12-72","Threshold 1.722m applied",""
26/02/1960 00:00,1.890,49.08,"Z4","CEH POTS 15-12-72","Threshold 1.722m applied",""
02/10/1960 00:00,2.080,57.88,"Z4","CEH POTS 15-12-72","Threshold 1.722m applied",""
03/10/1960 00:00,2.160,61.72,"Z4","CEH POTS 15-12-72","Threshold 1.722m applied",""
09/11/1960 00:00,1.790,44.61,"Z2","CEH POTS 15-12-72","Threshold 1.722m applied",""
17/11/1960 00:00,1.950,51.80,"Z4","CEH POTS 15-12-72","Threshold 1.722m applied",""
02/12/1960 00:00,1.730,42.02,"Z2","CEH POTS 15-12-72","Threshold 1.722m applied",""
04/12/1960 00:00,2.300,68.65,"Z4","CEH POTS 15-12-72","Threshold 1.722m applied",""
25/12/1960 00:00,1.730,42.02,"Z2","CEH POTS 15-12-72","Threshold 1.722m applied",""
27/01/1961 00:00,2.030,55.51,"Z4","CEH POTS 15-12-72","Threshold 1.722m applied",""
05/10/1961 00:00,2.100,58.83,"Z4","CEH POTS 15-12-72","Threshold 1.722m applied",""
11/09/1962 00:00,2.150,61.24,"Z4","CEH POTS 15-12-72","Threshold 1.722m applied",""
29/09/1962 00:00,2.170,62.21,"Z4","CEH POTS 15-12-72","Threshold 1.722m applied",""
07/02/1963 00:00,1.680,39.90,"Z2","CEH POTS 15-12-72","Threshold 1.722m applied, peak estimated ice build up",""
17/11/1963 09:00,2.350,71.19,"Z4","CEH POTS 15-12-72","Threshold 1.722m applied",""
17/11/1963 12:00,1.830,46.37,"Z2","CEH POTS 15-12-72","Threshold 1.722m applied",""
19/11/1963 00:00,1.850,47.26,"Z3","CEH POTS 15-12-72","Threshold 1.722m applied",""
21/11/1963 00:00,1.770,43.75,"Z2","CEH POTS 15-12-72","Threshold 1.722m applied",""
28/11/1963 00:00,2.040,55.98,"Z4","CEH POTS 15-12-72","Threshold 1.722m applied",""
08/12/1964 00:00,1.760,43.31,"Z2","CEH POTS 15-12-72","Threshold 1.722m applied",""
12/12/1964 09:00,1.750,42.88,"Z2","CEH POTS 15-12-72","Threshold 1.722m applied",""
12/12/1964 12:00,2.710,90.29,"Z4","CEH POTS 15-12-72","Threshold 1.722m applied",""
13/01/1965 00:00,2.090,58.35,"Z4","CEH POTS 15-12-72","Threshold 1.722m applied",""
28/11/1965 00:00,1.830,46.37,"Z2","CEH POTS 15-12-72","Threshold 1.722m applied",""
09/12/1965 00:00,2.180,62.70,"Z4","CEH POTS 15-12-72","Threshold 1.722m applied",""
15/12/1965 00:00,1.920,50.43,"Z4","CEH POTS 15-12-72","Threshold 1.722m applied",""
17/12/1965 00:00,2.560,82.15,"Z4","CEH POTS 15-12-72","Threshold 1.722m applied",""
18/12/1965 09:00,2.480,77.91,"Z4","CEH POTS 15-12-72","Threshold 1.722m applied",""
18/12/1965 12:00,2.530,80.55,"Z4","CEH POTS 15-12-72","Threshold 1.722m applied",""
22/12/1965 00:00,2.300,68.65,"Z4","CEH POTS 15-12-72","Threshold 1.722m applied",""
29/12/1965 00:00,2.390,73.23,"Z4","CEH POTS 15-12-72","Threshold 1.722m applied",""
07/02/1966 00:00,1.870,48.18,"Z4","CEH POTS 15-12-72","Threshold 1.722m applied",""
22/04/1966 00:00,2.520,80.02,"Z4","CEH POTS 15-12-72","Threshold 1.722m applied",""
19/10/1966 00:00,1.920,50.43,"Z4","CEH POTS 15-12-72","Threshold 1.722m applied",""
04/11/1966 00:00,1.770,43.75,"Z2","CEH POTS 15-12-72","Threshold 1.722m applied",""
15/12/1966 00:00,1.840,46.81,"Z2","CEH POTS 15-12-72","Threshold 1.722m applied",""
30/12/1966 00:00,1.900,49.53,"Z4","CEH POTS 15-12-72","Threshold 1.722m applied",""
20/02/1967 00:00,1.850,47.26,"Z3","CEH POTS 15-12-72","Threshold 1.722m applied",""
27/02/1967 00:00,2.640,86.46,"Z4","CEH POTS 15-12-72","Threshold 1.722m applied",""
29/09/1967 00:00,1.900,49.53,"Z4","CEH POTS 15-12-72","Threshold 1.722m applied",""
01/10/1967 00:00,2.620,85.38,"Z4","CEH POTS 15-12-72","Threshold 1.722m applied",""
03/10/1967 00:00,1.760,43.31,"Z2","CEH POTS 15-12-72","Threshold 1.722m applied",""
16/10/1967 00:00,2.150,61.24,"Z4","CEH POTS 15-12-72","Threshold 1.722m applied",""
30/10/1967 00:00,1.940,51.34,"Z4","CEH POTS 15-12-72","Threshold 1.722m applied",""
31/10/1967 00:00,1.810,45.49,"Z2","CEH POTS 15-12-72","Threshold 1.722m applied",""
02/11/1967 00:00,1.780,44.18,"Z2","CEH POTS 15-12-72","Threshold 1.722m applied",""
22/12/1967 00:00,1.870,48.18,"Z4","CEH POTS 15-12-72","Threshold 1.722m applied",""
08/01/1968 00:00,2.070,57.40,"Z4","CEH POTS 15-12-72","Threshold 1.722m applied",""
16/01/1968 00:00,2.050,56.46,"Z4","CEH POTS 15-12-72","Threshold 1.722m applied",""
20/12/1968 00:00,1.900,49.53,"Z4","CEH POTS 15-12-72","Threshold 1.722m applied",""
21/12/1968 00:00,2.180,62.70,"Z4","CEH POTS 15-12-72","Threshold 1.722m applied",""
24/12/1968 00:00,1.930,50.89,"Z4","CEH POTS 15-12-72","Threshold 1.722m applied",""
17/01/1969 09:00,2.250,66.15,"Z4","CEH POTS 15-12-72","Threshold 1.722m applied",""
17/01/1969 12:00,1.950,51.80,"Z4","CEH POTS 15-12-72","Threshold 1.722m applied",""
20/01/1969 00:00,2.480,77.91,"Z4","CEH POTS 15-12-72","Threshold 1.722m applied",""
21/01/1969 09:00,2.460,76.86,"Z4","CEH POTS 15-12-72","Threshold 1.722m applied",""
21/01/1969 12:00,2.420,74.78,"Z4","CEH POTS 15-12-72","Threshold 1.722m applied",""
02/12/1969 00:00,1.800,45.05,"Z2","CEH POTS 15-12-72","Threshold 1.722m applied",""
14/12/1969 00:00,2.420,74.78,"Z4","CEH POTS 15-12-72","Threshold 1.722m applied",""
18/01/1970 00:00,1.770,43.75,"Z2","CEH POTS 19-1-77","Threshold 1.722m applied",""
24/01/1970 00:00,1.770,43.75,"Z2","CEH POTS 19-1-77","Threshold 1.722m applied",""
02/02/1970 00:00,1.760,43.31,"Z2","CEH POTS 19-1-77","Threshold 1.722m applied",""
22/04/1970 00:00,1.770,43.75,"Z2","CEH POTS 19-1-77","Threshold 1.722m applied",""
02/11/1970 00:00,2.250,66.15,"Z4","CEH POTS 19-1-77","Threshold 1.722m applied",""
06/11/1970 00:00,1.860,47.72,"Z3","CEH POTS 19-1-77","Threshold 1.722m applied",""
16/11/1970 00:00,2.240,65.65,"Z4","CEH POTS 19-1-77","Threshold 1.722m applied",""
17/11/1970 00:00,2.410,74.27,"Z4","CEH POTS 19-1-77","Threshold 1.722m applied",""
19/11/1970 00:00,1.910,49.98,"Z4","CEH POTS 19-1-77","Threshold 1.722m applied",""
23/01/1971 00:00,1.790,44.61,"Z2","CEH POTS 19-1-77","Threshold 1.722m applied",""
20/11/1971 00:00,2.670,88.10,"Z4","CEH POTS 19-1-77","Threshold 1.958m applied",""
30/11/1971 00:00,2.440,75.82,"Z4","CEH POTS 19-1-77","Threshold 1.958m applied",""
07/06/1972 00:00,2.350,71.19,"Z4","CEH POTS 19-1-77","Threshold 1.958m, level estimated",""
12/11/1972 00:00,2.260,66.65,"Z4","CEH POTS 19-1-77","Threshold 1.958m applied",""
04/12/1972 00:00,2.140,60.76,"Z4","CEH POTS 19-1-77","Threshold 1.958m applied",""
12/12/1972 00:00,2.350,71.19,"Z4","CEH POTS 19-1-77","Threshold 1.958m applied",""
04/01/1974 00:00,2.120,59.79,"Z4","CEH POTS 19-1-77","Threshold 1.692m applied",""
08/01/1974 00:00,2.500,78.96,"Z4","CEH POTS 12-6-85","Threshold 1.692m applied",""
10/01/1974 00:00,2.450,76.34,"Z4","CEH POTS 12-6-85","Threshold 1.692m applied",""
16/01/1974 00:00,2.220,64.66,"Z4","CEH POTS 12-6-85","Threshold 1.692m applied",""
14/02/1974 00:00,2.210,64.17,"Z4","CEH POTS 12-6-85","Threshold 1.692m applied",""
18/10/1974 00:00,1.890,45.42,"J2","CEH POTS 12-6-85","Threshold 1.692m applied",""
13/11/1974 00:00,2.470,70.57,"J2","CEH POTS 12-6-85","Threshold 1.692m applied",""
25/12/1974 00:00,1.880,45.00,"J2","CEH POTS 12-6-85","Threshold 1.692m applied",""
19/01/1975 00:00,1.960,48.34,"J2","CEH POTS 12-6-85","Threshold 1.692m applied",""
22/01/1975 00:00,2.190,58.18,"J2","CEH POTS 12-6-85","Threshold 1.692m applied",""
28/01/1975 00:00,2.360,65.65,"J2","CEH POTS 12-6-85","Threshold 1.692m applied",""
30/01/1975 00:00,2.400,67.43,"J2","CEH POTS 12-6-85","Threshold 1.692m applied",""
18/04/1975 00:00,1.900,45.83,"J2","CEH POTS 12-6-85","Threshold 1.692m applied",""
21/04/1975 00:00,2.360,65.65,"J2","CEH POTS 12-6-85","Threshold 1.692m applied",""
01/12/1975 00:00,1.980,49.18,"J2","CEH POTS 12-6-85","Threshold 1.692m applied",""
14/10/1976 00:00,2.570,75.10,"J2","CEH POTS 12-6-85","Threshold 1.692m applied",""
03/02/1977 00:00,2.150,56.44,"J2","CEH POTS 12-6-85","Threshold 1.692m applied",""
10/02/1977 00:00,2.430,68.78,"J2","CEH POTS 12-6-85","Threshold 1.692m applied",""
31/10/1977 00:00,2.680,80.15,"J2","CEH POTS 12-6-85","Threshold 1.692m applied. Just exceeds bankful",""
01/11/1977 00:00,2.600,76.47,"J2","CEH POTS 12-6-85","Threshold 1.692m applied",""
23/01/1978 00:00,1.860,44.17,"J2","CEH POTS 12-6-85","Threshold 1.692m applied",""
14/12/1978 00:00,1.840,43.35,"J2","CEH POTS 12-6-85","Threshold 1.692m applied",""
15/12/1978 00:00,1.780,40.89,"J2","CEH POTS 12-6-85","Threshold 1.692m applied",""
01/02/1979 00:00,2.640,78.31,"J2","CEH POTS 12-6-85","Threshold 1.692m applied",""
12/12/1979 00:00,2.310,63.43,"J2","CEH POTS 12-6-85","Threshold 1.692m applied",""
14/12/1979 00:00,2.040,51.72,"J2","CEH POTS 12-6-85","Threshold 1.692m applied",""
27/12/1979 00:00,2.750,83.39,"J2","CEH POTS 12-6-85","Threshold 1.692m applied",""
07/02/1980 00:00,2.580,75.56,"J2","CEH POTS 12-6-85","Threshold 1.692m applied",""
08/02/1980 00:00,2.420,68.33,"J2","CEH POTS 12-6-85","Threshold 1.692m applied",""
06/10/1980 00:00,1.810,42.12,"J2","CEH POTS 12-6-85","Threshold 1.692m applied",""
22/10/1980 00:00,1.890,45.42,"J2","CEH POTS 12-6-85","Threshold 1.692m applied",""
27/10/1980 00:00,1.950,47.92,"J2","CEH POTS 12-6-85","Threshold 1.692m applied",""
14/11/1980 00:00,1.770,40.48,"J2","CEH POTS 12-6-85","Threshold 1.692m applied",""
15/11/1980 00:00,1.860,44.17,"J2","CEH POTS 12-6-85","Threshold 1.692m applied",""
17/11/1980 00:00,1.860,44.17,"J2","CEH POTS 12-6-85","Threshold 1.692m applied",""
21/11/1980 00:00,2.600,76.47,"J2","CEH POTS 12-6-85","Threshold 1.692m applied",""
09/03/1981 00:00,2.210,59.05,"J2","CEH POTS 12-6-85","Threshold 1.692m applied",""
11/03/1981 00:00,2.850,88.06,"J2","CEH POTS 12-6-85","Threshold 1.692m applied",""
22/03/1981 00:00,2.580,75.56,"J2","CEH POTS 12-6-85","Threshold 1.692m applied",""
23/03/1981 00:00,2.110,54.72,"J2","CEH POTS 12-6-85","Threshold 1.692m applied",""
19/09/1981 00:00,1.970,48.76,"J2","CEH POTS 12-6-85","Threshold 1.692m applied",""
25/09/1981 00:00,2.130,55.58,"J2","CEH POTS 12-6-85","Threshold 1.692m applied",""
30/09/1981 00:00,2.490,71.48,"J2","CEH POTS 12-6-85","Threshold 1.692m applied",""
09/10/1981 00:00,2.460,70.12,"J2","CEH POTS 12-6-85","Threshold 1.692m applied",""
21/10/1981 00:00,1.870,44.59,"J2","CEH POTS 12-6-85","Threshold 1.692m applied",""
20/12/1981 00:00,2.080,53.43,"J2","CEH POTS 12-6-85","Threshold 1.692m applied",""
12/02/1982 00:00,1.780,40.89,"J2","CEH POTS 12-6-85","Threshold 1.692m applied",""
10/03/1982 02:30,2.179,57.70,"J2","Digital Archive","",""
24/09/1982 16:30,2.054,52.32,"J2","Digital Archive","",""
02/10/1982 01:30,2.454,69.85,"J2","Digital Archive","",""
20/10/1982 12:45,2.150,56.44,"J2","Digital Archive","",""
06/11/1982 15:45,2.158,56.79,"J2","Digital Archive","",""
12/11/1982 08:15,2.581,75.61,"J2","Digital Archive","",""
19/12/1982 12:45,2.249,60.75,"J2","Digital Archive","",""
14/12/1983 20:15,2.335,64.54,"J2","Digital Archive","",""
25/10/1984 05:30,2.052,52.23,"J2","Digital Archive","",""
24/08/1985 00:00,2.275,61.89,"J2","Digital Archive","",""
01/01/1986 18:00,2.200,58.61,"J2","Digital Archive","",""
10/01/1986 12:00,2.500,71.93,"J2","Digital Archive","",""
29/06/1986 11:15,2.055,52.36,"J2","Digital Archive","",""
25/08/1986 22:45,3.321,110.60,"J2","Digital Archive","Considerable uncertainty. See station description",""
20/10/1986 08:45,1.917,46.54,"J2","Digital Archive","",""
10/11/1986 09:00,2.110,54.72,"J2","Digital Archive","",""
14/11/1986 12:00,2.050,52.15,"J2","Digital Archive","",""
19/11/1986 00:00,2.900,90.41,"J2","Digital Archive","",""
21/11/1986 00:00,2.620,77.39,"J2","Digital Archive","",""
26/11/1986 00:00,2.040,51.72,"J2","Digital Archive","",""
09/12/1986 02:00,2.685,80.38,"J2","Digital Archive","",""
11/12/1986 11:00,2.452,69.76,"J2","Digital Archive","",""
13/12/1986 04:15,2.640,78.31,"J2","Digital Archive","",""
15/12/1986 12:30,2.473,70.71,"J2","Digital Archive","",""
30/12/1986 13:45,2.668,79.59,"J2","Digital Archive","",""
27/03/1987 05:30,2.469,70.53,"J2","Digital Archive","",""
16/10/1987 06:00,1.960,48.34,"J2","Digital Archive","",""
18/10/1987 15:00,2.770,84.32,"J2","Digital Archive","",""
11/11/1987 15:00,2.010,50.45,"J2","Digital Archive","",""
02/01/1988 09:00,2.040,51.72,"J2","Digital Archive","",""
06/01/1988 06:00,2.150,56.44,"J2","Digital Archive","",""
13/01/1988 03:00,2.220,59.48,"J2","Digital Archive","",""
24/01/1988 06:00,2.175,57.52,"J2","Digital Archive","",""
01/02/1988 03:00,2.240,60.36,"J2","Digital Archive","",""
19/03/1988 21:00,2.560,74.65,"J2","Digital Archive","",""
18/08/1988 12:00,2.050,52.15,"J2","Digital Archive","",""
27/10/1988 00:00,2.510,72.38,"J2","Digital Archive","",""
24/02/1989 18:00,2.020,50.87,"J2","Digital Archive","",""
09/03/1989 12:00,2.380,66.54,"J2","Digital Archive","",""
14/03/1989 18:00,2.600,76.47,"J2","Digital Archive","",""
24/12/1989 18:00,2.500,71.93,"J2","Digital Archive","",""
28/01/1990 03:00,2.820,86.65,"J2","Digital Archive","",""
29/01/1990 15:00,2.050,52.15,"J2","Digital Archive","",""
07/02/1990 18:00,2.090,53.86,"J2","Digital Archive","",""
01/01/1991 23:15,2.248,60.71,"J2","Digital Archive","",""
09/01/1991 21:30,2.017,50.75,"J2","Digital Archive","",""
18/03/1991 23:00,2.166,57.13,"J2","Digital Archive","",""
07/10/1991 18:30,2.109,54.67,"J2","Digital Archive","",""
31/10/1991 20:45,3.031,96.62,"J2","Digital Archive","",""
30/08/1992 03:45,2.208,58.96,"J2","Digital Archive","",""
02/12/1992 17:45,2.744,83.11,"J2","Digital Archive","",""
18/12/1992 13:15,2.825,86.88,"J2","Digital Archive","",""
11/06/1993 03:00,2.217,59.35,"J2","Digital Archive","",""
13/11/1993 11:45,2.608,76.84,"J2","Digital Archive","",""
12/12/1993 15:45,2.713,81.67,"J2","Digital Archive","",""
19/12/1993 04:30,2.542,73.83,"J2","Digital Archive","",""
28/12/1993 08:45,2.040,51.72,"J2","Digital Archive","",""
03/01/1994 17:30,2.376,66.36,"J2","Digital Archive","",""
26/02/1994 00:15,2.488,71.38,"J2","Digital Archive","",""
27/02/1994 16:30,2.023,51.00,"J2","Digital Archive","",""
04/12/1994 10:30,2.316,63.70,"J2","Digital Archive","",""
07/12/1994 03:30,2.613,77.07,"J2","Digital Archive","",""
27/12/1994 08:15,2.395,67.21,"J2","Digital Archive","",""
28/12/1994 20:15,2.357,65.52,"J2","Digital Archive","",""
19/01/1995 17:30,2.481,71.07,"J2","Digital Archive","",""
21/01/1995 15:45,2.353,65.34,"J2","Digital Archive","",""
27/01/1995 19:45,2.700,81.07,"J2","Digital Archive","",""
11/02/1995 17:00,2.329,64.27,"J2","Digital Archive","",""
08/01/1996 22:45,2.013,50.58,"J2","Digital Archive","",""
29/11/1996 02:45,2.041,51.77,"J2","Digital Archive","",""
06/08/1997 14:45,2.227,59.79,"J2","Digital Archive","",""
03/09/1997 16:30,2.097,54.16,"J2","Digital Archive","",""
18/11/1997 08:15,2.742,83.02,"J2","Digital Archive","",""
22/11/1997 09:15,3.118,100.80,"J2","Digital Archive","",""
24/11/1997 18:00,2.621,77.43,"J2","Digital Archive","",""
28/11/1997 18:00,2.338,64.67,"J2","Digital Archive","",""
01/01/1998 20:30,2.385,66.76,"J2","Digital Archive","",""
03/01/1998 10:00,2.893,90.08,"J2","Digital Archive","",""
04/03/1998 04:30,2.398,67.34,"J2","Digital Archive","",""
06/03/1998 18:15,2.255,61.01,"J2","Digital Archive","",""
23/10/1998 04:15,2.825,86.88,"J2","Digital Archive","",""
24/10/1998 15:45,2.775,84.55,"J2","Digital Archive","",""
03/11/1998 08:00,2.343,64.90,"J2","Digital Archive","",""
09/11/1998 03:30,2.574,75.29,"J2","Digital Archive","",""
24/11/1998 10:00,2.062,52.66,"J2","Digital Archive","",""
02/01/1999 02:45,1.987,49.48,"J2","Digital Archive","",""
04/01/1999 02:45,2.394,67.16,"J2","Digital Archive","",""
15/01/1999 21:45,2.022,50.96,"J2","Digital Archive","",""
21/12/1999 08:45,2.236,60.18,"J2","Digital Archive","",""
24/12/1999 21:00,2.236,60.18,"J2","Digital Archive","",""
13/01/2000 00:00,2.427,68.64,"J2","Digital Archive","",""
09/10/2000 15:30,2.243,60.49,"J2","Digital Archive","",""
28/10/2000 16:45,2.317,63.74,"J2","Digital Archive","",""
30/10/2000 08:15,2.768,84.22,"J2","Digital Archive","",""
28/11/2000 04:00,2.338,64.67,"J2","Digital Archive","",""
01/12/2000 13:45,2.115,54.93,"J2","Digital Archive","",""
04/12/2000 11:30,2.266,61.50,"J2","Digital Archive","",""
08/12/2000 02:30,2.809,86.14,"J2","Digital Archive","",""
11/12/2000 14:15,3.102,100.00,"J2","Digital Archive","",""
04/02/2001 22:15,2.432,68.87,"J2","Digital Archive","",""
12/02/2001 10:30,2.366,65.92,"J2","Digital Archive","",""
08/10/2001 03:30,2.345,64.98,"J2","Digital Archive","",""
05/12/2001 09:45,2.297,62.86,"J2","Digital Archive","",""
26/01/2002 14:00,2.260,61.23,"J2","Digital Archive","",""
31/01/2002 18:45,2.144,56.18,"J2","Digital Archive","",""
22/05/2002 01:15,2.294,62.73,"J2","Digital Archive","",""
02/11/2002 21:00,2.062,52.66,"J2","Digital Archive","",""
14/11/2002 10:30,2.239,60.31,"J2","Digital Archive","",""
27/11/2002 16:45,2.691,80.65,"J2","Digital Archive","",""
29/12/2002 11:00,2.174,57.48,"J2","Digital Archive","",""
31/01/2004 11:00,2.712,81.63,"J2","Digital Archive","",""
04/02/2004 20:00,2.519,72.79,"J2","Digital Archive","",""
22/10/2004 16:30,2.442,69.31,"J2","Digital Archive","",""
29/10/2004 03:30,2.159,56.83,"J2","Digital Archive","",""
22/12/2004 10:30,2.055,52.36,"J2","Digital Archive","",""
11/10/2005 23:15,3.026,96.39,"J2","Digital Archive","",""
06/11/2005 11:30,2.355,65.43,"J2","Digital Archive","",""
08/11/2005 17:30,2.751,83.43,"J2","Digital Archive","",""
03/12/2006 09:00,2.619,77.34,"J2","Digital Archive","",""
11/12/2006 12:00,2.417,68.19,"J2","Digital Archive","",""
04/03/2007 16:30,2.190,58.18,"J2","Digital Archive","",""
06/03/2007 04:45,2.459,70.08,"J2","Digital Archive","",""
13/07/2007 21:15,2.725,82.23,"J2","Digital Archive","",""
08/12/2007 16:45,2.656,79.04,"J2","Digital Archive","",""
13/01/2008 21:30,2.890,89.94,"J2","Digital Archive","",""
15/01/2008 12:15,2.855,88.29,"J2","Digital Archive","",""
12/08/2008 07:15,2.309,63.39,"J2","Digital Archive","",""
16/08/2008 21:00,2.226,59.74,"J2","Digital Archive","",""
05/09/2008 15:15,2.701,81.12,"J2","Digital Archive","",""
05/10/2008 08:00,2.305,63.21,"J2","Digital Archive","",""
07/10/2008 14:00,2.553,74.33,"J2","Digital Archive","",""
23/10/2008 21:30,2.228,59.83,"J2","Digital Archive","",""
26/10/2008 08:00,2.738,82.83,"J2","Digital Archive","",""
30/10/2008 00:15,2.402,67.52,"J2","Digital Archive","",""
08/11/2008 22:30,2.109,54.67,"J2","Digital Archive","",""
13/12/2008 04:30,2.745,83.16,"J2","Digital Archive","",""
15/01/2009 20:30,2.138,55.92,"J2","Digital Archive","",""
22/01/2009 08:00,2.589,75.97,"J2","Digital Archive","",""
25/01/2009 06:45,2.622,77.48,"J2","Digital Archive","",""
28/01/2009 02:15,2.048,52.06,"J2","Digital Archive","",""
17/07/2009 12:30,2.426,68.60,"J2","Digital Archive","",""
01/11/2009 13:00,3.221,105.80,"J2","Digital Archive","",""
13/11/2009 23:00,2.995,94.91,"J2","Digital Archive","",""
16/11/2009 11:45,2.639,78.26,"J2","Digital Archive","",""
20/11/2009 05:30,2.733,82.60,"J2","Digital Archive","",""
21/11/2009 18:30,2.581,75.61,"J2","Digital Archive","",""
06/12/2009 05:15,2.651,78.81,"J2","Digital Archive","",""
16/01/2010 11:15,2.957,93.10,"J2","Digital Archive","",""
31/03/2010 08:45,2.310,63.43,"J2","Digital Archive","",""
08/11/2010 08:00,2.366,65.92,"J2","Digital Archive","",""
17/11/2010 11:00,2.167,57.18,"J2","Digital Archive","",""
12/01/2011 08:00,2.218,59.40,"J2","Digital Archive","",""
24/10/2011 13:30,2.165,57.09,"J2","Digital Archive","",""
21/11/2011 10:15,2.214,59.22,"J2","Digital Archive","",""
12/12/2011 23:15,2.125,55.36,"J2","Digital Archive","",""
23/12/2011 17:45,2.621,77.43,"J2","Digital Archive","",""
10/05/2012 03:15,2.187,58.05,"J2","Digital Archive","",""
05/08/2012 11:30,2.439,69.18,"J2","Digital Archive","",""
27/08/2012 19:30,2.049,52.11,"J2","Digital Archive","",""
04/11/2012 22:00,2.230,59.92,"J2","Digital Archive","",""
22/11/2012 20:15,2.537,73.60,"J2","Digital Archive","",""
25/11/2012 23:30,2.576,75.38,"J2","Digital Archive","",""
20/12/2012 08:15,2.269,61.63,"J2","Digital Archive","",""
22/12/2012 14:30,2.738,82.83,"J2","Digital Archive","",""
29/12/2012 10:45,2.922,91.45,"J2","Digital Archive","",""
26/01/2013 01:15,3.005,95.38,"J2","Digital Archive","",""
14/02/2013 06:15,2.734,82.64,"J2","Digital Archive","",""
19/12/2013 00:30,2.660,79.23,"J2","Digital Archive","",""
23/12/2013 16:15,2.340,64.76,"J2","Digital Archive","",""
27/12/2013 05:15,2.422,68.42,"J2","Digital Archive","",""
30/12/2013 13:15,2.641,78.35,"J2","Digital Archive","",""
01/01/2014 15:30,2.408,67.79,"J2","Digital Archive","",""
05/01/2014 22:00,2.348,65.12,"J2","Digital Archive","",""
08/01/2014 22:45,2.177,57.61,"J2","Digital Archive","",""
04/02/2014 00:15,2.658,79.13,"J2","Digital Archive","",""
08/02/2014 02:45,2.083,53.56,"J2","Digital Archive","",""
11/02/2014 10:45,2.455,69.90,"J2","Digital Archive","",""
14/02/2014 18:30,2.518,72.74,"J2","Digital Archive","",""
07/03/2014 10:00,2.074,53.17,"J2","Digital Archive","",""
07/11/2014 15:15,2.749,83.34,"J2","Digital Archive","",""
11/11/2014 22:45,2.623,77.53,"J2","Digital Archive","",""
14/11/2014 08:30,2.150,56.44,"J2","Digital Archive","",""
15/01/2015 03:30,2.334,64.50,"J2","Digital Archive","",""
12/03/2015 21:15,2.158,56.79,"J2","Digital Archive","",""
23/08/2015 09:30,2.363,65.78,"J2","Digital Archive","",""
07/11/2015 12:00,2.352,65.29,"J2","Digital Archive","",""
14/11/2015 18:00,2.271,61.72,"J2","Digital Archive","",""
04/12/2015 01:00,2.597,76.34,"J2","Digital Archive","",""
16/12/2015 04:15,2.102,54.37,"J2","Digital Archive","",""
20/12/2015 00:00,2.860,88.53,"J2","Digital Archive","",""
21/12/2015 15:30,2.218,59.40,"J2","Digital Archive","",""
30/12/2015 13:30,2.227,59.79,"J2","Digital Archive","",""
03/01/2016 15:00,2.639,78.26,"J2","Digital Archive","",""
07/01/2016 07:45,2.484,71.20,"J2","Digital Archive","",""
22/01/2016 12:15,2.698,80.98,"J2","Digital Archive","",""
26/01/2016 21:30,2.410,67.88,"J2","Digital Archive","",""
07/02/2016 22:30,2.107,54.59,"J2","Digital Archive","",""
17/02/2016 11:45,2.287,62.42,"J2","Digital Archive","",""
28/03/2016 06:30,2.525,73.06,"J2","Digital Archive","",""
09/11/2016 03:00,2.261,61.28,"J2","Digital Archive","",""
12/11/2016 08:00,2.060,52.58,"J2","Digital Archive","",""
21/11/2016 22:30,2.822,86.74,"J2","Digital Archive","",""
08/12/2016 08:00,2.047,52.02,"J2","Digital Archive","",""
03/02/2017 22:30,2.695,80.84,"J2","Digital Archive","",""
17/08/2017 03:15,2.086,53.69,"J2","Digital Archive","",""
21/09/2017 07:30,2.153,56.57,"J2","Digital Archive","",""
22/11/2017 20:30,2.230,59.92,"J2","Digital Archive","",""
30/11/2017 13:15,2.124,55.32,"J2","Digital Archive","",""
07/12/2017 10:15,2.155,56.66,"J2","Digital Archive","",""
27/12/2017 01:45,2.382,66.63,"J2","Digital Archive","",""
30/12/2017 05:00,2.132,55.66,"J2","Digital Archive","",""
15/01/2018 12:45,2.166,57.13,"J2","Digital Archive","",""
21/01/2018 17:15,2.710,81.53,"J2","Digital Archive","",""
08/02/2018 23:30,2.066,52.83,"J2","Digital Archive","",""
10/02/2018 14:30,2.253,60.93,"J2","Digital Archive","",""
05/03/2018 20:15,2.176,57.57,"J2","Digital Archive","",""
10/03/2018 04:00,2.076,53.26,"J2","Digital Archive","",""
02/04/2018 08:30,2.164,57.05,"J2","Digital Archive","",""
13/10/2018 17:45,2.476,70.84,"J2","Digital Archive","",""
07/11/2018 13:00,2.626,77.66,"J2","Digital Archive","",""
10/11/2018 00:00,2.708,81.44,"J2","Digital Archive","",""
11/11/2018 10:15,2.189,58.13,"J2","Digital Archive","",""
05/12/2018 16:30,2.754,83.57,"J2","Digital Archive","",""
07/12/2018 09:30,2.750,83.39,"J2","Digital Archive","",""
15/12/2018 19:15,2.083,53.56,"J2","Digital Archive","",""
18/12/2018 17:00,2.433,68.91,"J2","Digital Archive","",""
29/09/2019 03:30,2.447,69.54,"J2","Digital Archive","",""
30/09/2019 21:15,2.310,63.43,"J2","Digital Archive","",""
25/10/2019 22:45,2.748,83.29,"J2","Digital Archive","",""
27/11/2019 03:30,2.376,66.36,"J2","Digital Archive","",""
18/12/2019 22:00,2.136,55.84,"J2","Digital Archive","",""
16/02/2020 05:45,3.065,98.25,"J2","Digital Archive","",""
24/02/2020 13:15,2.265,61.45,"J2","Digital Archive","",""
29/02/2020 06:00,2.249,60.75,"J2","Digital Archive","",""
15/03/2020 06:45,2.249,60.75,"J2","Digital Archive","",""
25/08/2020 10:30,2.862,88.62,"J2","Digital Archive","",""
04/10/2020 20:00,2.469,70.51,"J2","Digital Archive","",""
31/10/2020 13:30,2.208,58.96,"J2","Digital Archive","",""
04/12/2020 04:45,2.288,62.46,"J2","Digital Archive","",""
13/12/2020 17:00,2.706,81.35,"J2","Digital Archive","",""
19/12/2020 01:30,2.845,87.82,"J2","Digital Archive","",""
27/12/2020 04:45,2.164,57.05,"J2","Digital Archive","",""
16/01/2021 09:45,2.582,75.66,"J2","Digital Archive","",""
20/01/2021 14:00,2.884,89.68,"J2","Digital Archive","",""
20/02/2021 02:15,2.668,79.58,"J2","Digital Archive","",""
24/02/2021 09:00,2.063,52.70,"J2","Digital Archive","",""
