"NAME:","Tame at Uppermill"
"NUMBER:","69048"
"DATE","STAGE (m)","FLOW (m^3/s)","RATING","SOURCE","COMMENT","AMAX ONLY"
30/09/1998 16:00,0.616,13.25,"Upper limb of 2, 3 and 42","Digital Archive","",""
14/10/1998 05:00,0.637,13.96,"Upper limb of 2, 3 and 42","Digital Archive","",""
23/10/1998 01:45,0.865,22.33,"Upper limb of 2, 3 and 42","Digital Archive","",""
12/11/1998 19:45,0.595,12.55,"Upper limb of 2, 3 and 42","Digital Archive","",""
15/01/1999 22:15,0.555,11.25,"Upper limb of 2, 3 and 42","Digital Archive","",""
07/05/1999 20:15,0.583,12.16,"Upper limb of 2, 3 and 42","Digital Archive","",""
02/10/1999 00:15,0.659,14.71,"Upper limb of 2, 3 and 42","Digital Archive","",""
03/12/1999 05:45,0.641,14.09,"Upper limb of 2, 3 and 42","Digital Archive","",""
06/12/1999 16:45,0.688,15.73,"Upper limb of 2, 3 and 42","Digital Archive","",""
11/12/1999 13:15,0.682,15.52,"Upper limb of 2, 3 and 42","Digital Archive","",""
17/12/1999 06:45,0.646,14.27,"Upper limb of 2, 3 and 42","Digital Archive","",""
03/03/2000 01:45,0.783,19.19,"Upper limb of 2, 3 and 42","Digital Archive","",""
08/03/2000 06:00,0.862,22.22,"Upper limb of 2, 3 and 42","Digital Archive","",""
04/06/2000 03:30,0.931,24.97,"Upper limb of 2, 3 and 42","Digital Archive","",""
10/10/2000 12:30,0.660,14.75,"Upper limb of 2, 3 and 42","Digital Archive","",""
30/10/2000 06:45,0.666,14.96,"Upper limb of 2, 3 and 42","Digital Archive","",""
06/11/2000 09:45,0.968,26.48,"Upper limb of 2, 3 and 42","Digital Archive","",""
19/11/2000 02:30,0.547,11.00,"Upper limb of 2, 3 and 42","Digital Archive","",""
22/11/2000 05:30,0.588,12.32,"Upper limb of 2, 3 and 42","Digital Archive","",""
26/11/2000 09:00,0.566,11.61,"Upper limb of 2, 3 and 42","Digital Archive","",""
05/12/2000 20:30,0.537,10.68,"Upper limb of 2, 3 and 42","Digital Archive","",""
11/12/2000 14:00,0.549,11.06,"Upper limb of 2, 3 and 42","Digital Archive","",""
11/02/2001 22:45,0.780,19.07,"Upper limb of 2, 3 and 42","Digital Archive","",""
07/04/2001 04:15,0.660,14.75,"Upper limb of 2, 3 and 42","Digital Archive","",""
09/10/2001 02:00,0.651,14.44,"Upper limb of 2, 3 and 42","Digital Archive","",""
26/10/2001 13:45,0.542,10.84,"Upper limb of 2, 3 and 42","Digital Archive","",""
28/01/2002 22:45,0.736,17.45,"Upper limb of 2, 3 and 42","Digital Archive","",""
08/02/2002 20:30,0.812,20.28,"Upper limb of 2, 3 and 42","Digital Archive","",""
11/02/2002 03:00,0.889,23.28,"Upper limb of 2, 3 and 42","Digital Archive","",""
19/02/2002 22:00,0.980,26.98,"Upper limb of 2, 3 and 42","Digital Archive","",""
22/02/2002 03:45,0.784,19.22,"Upper limb of 2, 3 and 42","Digital Archive","",""
25/02/2002 16:15,0.788,19.37,"Upper limb of 2, 3 and 42","Digital Archive","",""
14/06/2002 19:30,0.702,16.22,"Upper limb of 2, 3 and 42","Digital Archive","",""
30/07/2002 18:00,0.809,20.17,"Upper limb of 2, 3 and 42","Digital Archive","",""
02/08/2002 05:45,0.709,16.47,"Upper limb of 2, 3 and 42","Digital Archive","",""
09/09/2002 21:30,0.619,13.35,"Upper limb of 2, 3 and 42","Digital Archive","",""
25/10/2002 13:45,0.548,11.03,"Upper limb of 2, 3 and 42","Digital Archive","",""
08/11/2002 17:00,0.580,12.06,"Upper limb of 2, 3 and 42","Digital Archive","",""
29/12/2002 22:45,0.712,16.58,"Upper limb of 2, 3 and 42","Digital Archive","",""
20/05/2003 06:00,0.568,11.67,"Upper limb of 2, 3 and 42","Digital Archive","",""
31/01/2004 15:30,0.638,13.99,"Upper limb of 2, 3 and 42","Digital Archive","",""
04/02/2004 17:30,0.842,21.44,"Upper limb of 2, 3 and 42","Digital Archive","",""
10/08/2004 13:15,0.589,12.35,"Upper limb of 2, 3 and 42","Digital Archive","",""
16/08/2004 19:30,0.534,10.59,"Upper limb of 2, 3 and 42","Digital Archive","",""
25/10/2004 12:30,0.567,11.64,"Upper limb of 2, 3 and 42","Digital Archive","",""
17/11/2004 20:00,0.544,10.90,"Upper limb of 2, 3 and 42","Digital Archive","",""
07/01/2005 17:15,0.644,14.20,"Upper limb of 2, 3 and 42","Digital Archive","",""
12/02/2005 06:00,0.787,19.34,"Upper limb of 2, 3 and 42","Digital Archive","",""
25/10/2005 20:30,0.537,10.68,"Upper limb of 2, 3 and 42","Digital Archive","",""
28/03/2006 04:30,0.621,13.42,"Upper limb of 2, 3 and 42","Digital Archive","",""
11/12/2006 07:45,0.712,16.58,"Upper limb of 2, 3 and 42","Digital Archive","",""
11/01/2007 08:00,0.572,11.80,"Upper limb of 2, 3 and 42","Digital Archive","",""
18/01/2007 07:15,0.768,18.63,"Upper limb of 2, 3 and 42","Digital Archive","",""
25/06/2007 10:15,0.806,20.05,"Upper limb of 2, 3 and 42","Digital Archive","",""
04/07/2007 18:00,0.657,14.64,"Upper limb of 2, 3 and 42","Digital Archive","",""
06/07/2007 10:45,0.542,10.84,"Upper limb of 2, 3 and 42","Digital Archive","",""
10/01/2008 03:30,0.789,19.41,"Upper limb of 2, 3 and 42","Digital Archive","",""
15/01/2008 11:45,0.628,13.65,"Upper limb of 2, 3 and 42","Digital Archive","",""
18/01/2008 16:45,0.603,12.82,"Upper limb of 2, 3 and 42","Digital Archive","",""
20/01/2008 06:45,0.704,16.30,"Upper limb of 2, 3 and 42","Digital Archive","",""
21/01/2008 12:15,0.994,27.57,"Upper limb of 2, 3 and 42","Digital Archive","",""
26/06/2008 21:30,0.735,17.41,"Upper limb of 2, 3 and 42","Digital Archive","",""
17/08/2008 03:15,0.680,15.45,"Upper limb of 2, 3 and 42","Digital Archive","",""
06/09/2008 03:45,0.730,17.23,"Upper limb of 2, 3 and 42","Digital Archive","",""
05/10/2008 02:30,0.635,13.89,"Upper limb of 2, 3 and 42","Digital Archive","",""
26/10/2008 06:15,0.824,20.74,"Upper limb of 2, 3 and 42","Digital Archive","",""
19/12/2008 20:00,0.607,12.95,"Upper limb of 2, 3 and 42","Digital Archive","",""
18/11/2009 10:00,0.824,20.74,"Upper limb of 2, 3 and 42","Digital Archive","",""
29/11/2009 15:45,0.575,11.90,"Upper limb of 2, 3 and 42","Digital Archive","",""
06/12/2009 08:45,0.532,10.53,"Upper limb of 2, 3 and 42","Digital Archive","",""
20/08/2010 20:15,0.577,11.96,"Upper limb of 2, 3 and 42","Digital Archive","",""
14/09/2010 11:30,0.556,11.29,"Upper limb of 2, 3 and 42","Digital Archive","",""
03/10/2010 13:00,0.711,16.55,"Upper limb of 2, 3 and 42","Digital Archive","",""
02/11/2010 20:15,0.557,11.32,"Upper limb of 2, 3 and 42","Digital Archive","",""
04/11/2010 18:30,0.671,15.13,"Upper limb of 2, 3 and 42","Digital Archive","",""
04/02/2011 06:30,0.566,11.61,"Upper limb of 2, 3 and 42","Digital Archive","",""
06/02/2011 00:15,0.705,16.33,"Upper limb of 2, 3 and 42","Digital Archive","",""
01/01/2012 16:00,0.587,12.29,"Upper limb of 2, 3 and 42","Digital Archive","",""
04/01/2012 21:00,0.754,18.11,"Upper limb of 2, 3 and 42","Digital Archive","",""
26/04/2012 20:15,0.541,10.81,"Upper limb of 2, 3 and 42","Digital Archive","",""
10/05/2012 03:30,0.575,11.90,"Upper limb of 2, 3 and 42","Digital Archive","",""
22/06/2012 18:30,1.014,28.41,"Upper limb of 2, 3 and 42","Digital Archive","",""
06/07/2012 16:15,0.966,26.40,"Upper limb of 2, 3 and 42","Digital Archive","",""
10/07/2012 12:00,0.573,11.83,"Upper limb of 2, 3 and 42","Digital Archive","",""
29/08/2012 17:00,0.615,13.22,"Upper limb of 2, 3 and 42","Digital Archive","",""
24/09/2012 18:00,0.556,11.29,"Upper limb of 2, 3 and 42","Digital Archive","",""
25/09/2012 22:30,0.696,16.01,"Upper limb of 2, 3 and 42","Digital Archive","",""
12/10/2012 01:00,0.805,20.02,"Upper limb of 2, 3 and 42","Digital Archive","",""
17/12/2012 19:30,0.666,14.96,"Upper limb of 2, 3 and 42","Digital Archive","",""
22/12/2012 22:00,0.618,13.32,"Upper limb of 2, 3 and 42","Digital Archive","",""
31/12/2012 16:15,0.635,13.89,"Upper limb of 2, 3 and 42","Digital Archive","",""
27/01/2013 05:30,0.680,15.45,"Upper limb of 2, 3 and 42","Digital Archive","",""
15/05/2013 04:15,0.629,13.69,"Upper limb of 2, 3 and 42","Digital Archive","",""
28/07/2013 04:45,0.581,12.09,"Upper limb of 2, 3 and 42","Digital Archive","",""
11/05/2014 02:15,0.552,11.16,"Upper limb of 2, 3 and 42","Digital Archive","",""
12/12/2014 05:00,0.541,10.81,"Upper limb of 2, 3 and 42","Digital Archive","",""
19/12/2014 01:45,0.705,16.33,"Upper limb of 2, 3 and 42","Digital Archive","",""
24/12/2014 01:00,0.542,10.84,"Upper limb of 2, 3 and 42","Digital Archive","",""
31/03/2015 00:45,0.649,14.37,"Upper limb of 2, 3 and 42","Digital Archive","",""
09/11/2015 15:45,0.636,13.92,"Upper limb of 2, 3 and 42","Digital Archive","",""
15/11/2015 01:30,0.819,20.55,"Upper limb of 2, 3 and 42","Digital Archive","",""
30/11/2015 15:15,0.774,18.85,"Upper limb of 2, 3 and 42","Digital Archive","",""
12/12/2015 17:45,0.996,27.65,"Upper limb of 2, 3 and 42","Digital Archive","",""
26/12/2015 11:45,1.242,38.51,"Upper limb of 2, 3 and 42","Digital Archive","",""
31/01/2016 20:15,0.646,14.27,"Upper limb of 2, 3 and 42","Digital Archive","",""
06/02/2016 18:30,0.537,10.68,"Upper limb of 2, 3 and 42","Digital Archive","",""
08/02/2016 15:15,0.702,16.22,"Upper limb of 2, 3 and 42","Digital Archive","",""
09/03/2016 16:15,0.559,11.38,"Upper limb of 2, 3 and 42","Digital Archive","",""
22/08/2016 05:15,0.748,17.89,"Upper limb of 2, 3 and 42","Digital Archive","",""
13/09/2016 20:00,0.719,16.83,"Upper limb of 2, 3 and 42","Digital Archive","",""
21/11/2016 19:00,1.077,31.10,"Upper limb of 2, 3 and 42","Digital Archive","",""
20/09/2018 18:30,0.417,7.13,"Upper limb of 2, 3 and 42","Digital Archive","","AMAX ONLY"
07/12/2018 09:00,0.531,10.50,"Upper limb of 2, 3 and 42","Digital Archive","",""
14/03/2019 08:15,0.656,14.61,"Upper limb of 2, 3 and 42","Digital Archive","",""
16/03/2019 18:15,0.983,27.11,"Upper limb of 2, 3 and 42","Digital Archive","",""
28/07/2019 21:30,0.964,26.32,"Upper limb of 2, 3 and 42","Digital Archive","",""
29/09/2019 04:00,0.840,21.36,"Upper limb of 2, 3 and 42","Digital Archive","",""
11/10/2019 11:00,0.643,14.16,"Upper limb of 2, 3 and 42","Digital Archive","",""
25/10/2019 21:15,0.665,14.92,"Upper limb of 2, 3 and 42","Digital Archive","",""
07/11/2019 16:15,0.908,24.04,"Upper limb of 2, 3 and 42","Digital Archive","",""
13/12/2019 19:30,0.767,18.59,"Upper limb of 2, 3 and 42","Digital Archive","",""
09/02/2020 13:00,1.035,29.30,"Upper limb of 2, 3 and 42","Digital Archive","",""
16/02/2020 04:45,0.631,13.75,"Upper limb of 2, 3 and 42","Digital Archive","",""
22/02/2020 02:15,0.688,15.73,"Upper limb of 2, 3 and 42","Digital Archive","",""
23/02/2020 06:15,0.670,15.10,"Upper limb of 2, 3 and 42","Digital Archive","",""
24/02/2020 10:45,0.657,14.64,"Upper limb of 2, 3 and 42","Digital Archive","",""
28/02/2020 17:30,0.567,11.64,"Upper limb of 2, 3 and 42","Digital Archive","",""
10/03/2020 07:30,0.639,14.03,"Upper limb of 2, 3 and 42","Digital Archive","",""
09/07/2020 06:00,0.542,10.84,"Upper limb of 2, 3 and 42","Digital Archive","",""
25/08/2020 20:15,0.802,19.89,"Upper limb of 2, 3 and 42","Digital Archive","",""
08/10/2020 07:30,0.746,17.81,"Upper limb of 2, 3 and 42","Digital Archive","",""
27/12/2020 02:15,0.716,16.73,"Upper limb of 2, 3 and 42","Digital Archive","",""
14/01/2021 10:15,0.549,11.06,"Upper limb of 2, 3 and 42","Digital Archive","",""
20/01/2021 14:30,0.905,23.92,"Upper limb of 2, 3 and 42","Digital Archive","",""
28/01/2021 08:00,0.544,10.90,"Upper limb of 2, 3 and 42","Digital Archive","",""
30/09/2021 17:00,0.708,16.44,"Upper limb of 2, 3 and 42","Digital Archive","",""
